0.000000000000000000e+00 0.000000000000000000e+00 0.000000000000000000e+00 0.000000000000000000e+00 0.000000000000000000e+00 0.000000000000000000e+00 0.000000000000000000e+00 0.000000000000000000e+00 0.000000000000000000e+00 0.000000000000000000e+00 0.000000000000000000e+00 0.000000000000000000e+00 0.000000000000000000e+00 0.000000000000000000e+00 0.000000000000000000e+00 0.000000000000000000e+00 0.000000000000000000e+00 0.000000000000000000e+00 0.000000000000000000e+00 0.000000000000000000e+00 0.000000000000000000e+00 0.000000000000000000e+00 0.000000000000000000e+00 0.000000000000000000e+00 0.000000000000000000e+00 0.000000000000000000e+00 0.000000000000000000e+00 0.000000000000000000e+00 0.000000000000000000e+00 0.000000000000000000e+00 0.000000000000000000e+00 0.000000000000000000e+00 0.000000000000000000e+00 0.000000000000000000e+00 0.000000000000000000e+00 0.000000000000000000e+00 0.000000000000000000e+00 0.000000000000000000e+00 0.000000000000000000e+00 0.000000000000000000e+00 0.000000000000000000e+00 0.000000000000000000e+00 0.000000000000000000e+00 0.000000000000000000e+00 0.000000000000000000e+00 0.000000000000000000e+00 0.000000000000000000e+00 0.000000000000000000e+00 0.000000000000000000e+00 0.000000000000000000e+00 0.000000000000000000e+00 0.000000000000000000e+00 0.000000000000000000e+00 0.000000000000000000e+00 0.000000000000000000e+00 0.000000000000000000e+00 0.000000000000000000e+00 0.000000000000000000e+00 0.000000000000000000e+00 0.000000000000000000e+00 0.000000000000000000e+00 0.000000000000000000e+00 0.000000000000000000e+00 0.000000000000000000e+00 0.000000000000000000e+00 0.000000000000000000e+00 0.000000000000000000e+00 0.000000000000000000e+00 0.000000000000000000e+00 0.000000000000000000e+00 0.000000000000000000e+00 0.000000000000000000e+00 0.000000000000000000e+00 0.000000000000000000e+00 0.000000000000000000e+00 0.000000000000000000e+00 0.000000000000000000e+00 0.000000000000000000e+00 0.000000000000000000e+00 0.000000000000000000e+00 0.000000000000000000e+00 0.000000000000000000e+00 0.000000000000000000e+00 0.000000000000000000e+00 0.000000000000000000e+00 0.000000000000000000e+00 0.000000000000000000e+00 0.000000000000000000e+00 0.000000000000000000e+00 0.000000000000000000e+00 0.000000000000000000e+00 0.000000000000000000e+00 0.000000000000000000e+00 0.000000000000000000e+00 0.000000000000000000e+00 0.000000000000000000e+00 0.000000000000000000e+00 0.000000000000000000e+00 0.000000000000000000e+00 0.000000000000000000e+00 0.000000000000000000e+00 0.000000000000000000e+00 0.000000000000000000e+00 0.000000000000000000e+00 0.000000000000000000e+00 0.000000000000000000e+00 0.000000000000000000e+00 0.000000000000000000e+00 0.000000000000000000e+00 0.000000000000000000e+00 0.000000000000000000e+00 0.000000000000000000e+00 0.000000000000000000e+00 0.000000000000000000e+00
0.000000000000000000e+00 0.000000000000000000e+00 0.000000000000000000e+00 0.000000000000000000e+00 0.000000000000000000e+00 0.000000000000000000e+00 0.000000000000000000e+00 0.000000000000000000e+00 0.000000000000000000e+00 0.000000000000000000e+00 0.000000000000000000e+00 0.000000000000000000e+00 0.000000000000000000e+00 0.000000000000000000e+00 0.000000000000000000e+00 0.000000000000000000e+00 0.000000000000000000e+00 0.000000000000000000e+00 0.000000000000000000e+00 0.000000000000000000e+00 0.000000000000000000e+00 0.000000000000000000e+00 0.000000000000000000e+00 0.000000000000000000e+00 0.000000000000000000e+00 0.000000000000000000e+00 0.000000000000000000e+00 0.000000000000000000e+00 0.000000000000000000e+00 0.000000000000000000e+00 0.000000000000000000e+00 0.000000000000000000e+00 0.000000000000000000e+00 0.000000000000000000e+00 0.000000000000000000e+00 0.000000000000000000e+00 0.000000000000000000e+00 0.000000000000000000e+00 0.000000000000000000e+00 0.000000000000000000e+00 0.000000000000000000e+00 0.000000000000000000e+00 0.000000000000000000e+00 0.000000000000000000e+00 0.000000000000000000e+00 0.000000000000000000e+00 0.000000000000000000e+00 0.000000000000000000e+00 0.000000000000000000e+00 0.000000000000000000e+00 0.000000000000000000e+00 0.000000000000000000e+00 0.000000000000000000e+00 0.000000000000000000e+00 0.000000000000000000e+00 0.000000000000000000e+00 0.000000000000000000e+00 0.000000000000000000e+00 0.000000000000000000e+00 0.000000000000000000e+00 0.000000000000000000e+00 0.000000000000000000e+00 0.000000000000000000e+00 0.000000000000000000e+00 0.000000000000000000e+00 0.000000000000000000e+00 0.000000000000000000e+00 0.000000000000000000e+00 0.000000000000000000e+00 0.000000000000000000e+00 0.000000000000000000e+00 0.000000000000000000e+00 0.000000000000000000e+00 0.000000000000000000e+00 0.000000000000000000e+00 0.000000000000000000e+00 0.000000000000000000e+00 0.000000000000000000e+00 0.000000000000000000e+00 0.000000000000000000e+00 0.000000000000000000e+00 0.000000000000000000e+00 0.000000000000000000e+00 0.000000000000000000e+00 0.000000000000000000e+00 0.000000000000000000e+00 0.000000000000000000e+00 0.000000000000000000e+00 0.000000000000000000e+00 0.000000000000000000e+00 0.000000000000000000e+00 0.000000000000000000e+00 0.000000000000000000e+00 0.000000000000000000e+00 0.000000000000000000e+00 0.000000000000000000e+00 0.000000000000000000e+00 0.000000000000000000e+00 0.000000000000000000e+00 0.000000000000000000e+00 0.000000000000000000e+00 0.000000000000000000e+00 0.000000000000000000e+00 0.000000000000000000e+00 0.000000000000000000e+00 0.000000000000000000e+00 0.000000000000000000e+00 0.000000000000000000e+00 0.000000000000000000e+00 0.000000000000000000e+00 0.000000000000000000e+00 0.000000000000000000e+00 0.000000000000000000e+00 0.000000000000000000e+00
0.000000000000000000e+00 0.000000000000000000e+00 0.000000000000000000e+00 0.000000000000000000e+00 0.000000000000000000e+00 0.000000000000000000e+00 0.000000000000000000e+00 0.000000000000000000e+00 0.000000000000000000e+00 0.000000000000000000e+00 0.000000000000000000e+00 0.000000000000000000e+00 0.000000000000000000e+00 0.000000000000000000e+00 0.000000000000000000e+00 0.000000000000000000e+00 0.000000000000000000e+00 0.000000000000000000e+00 0.000000000000000000e+00 0.000000000000000000e+00 0.000000000000000000e+00 0.000000000000000000e+00 0.000000000000000000e+00 0.000000000000000000e+00 0.000000000000000000e+00 0.000000000000000000e+00 0.000000000000000000e+00 0.000000000000000000e+00 0.000000000000000000e+00 0.000000000000000000e+00 0.000000000000000000e+00 0.000000000000000000e+00 0.000000000000000000e+00 0.000000000000000000e+00 0.000000000000000000e+00 0.000000000000000000e+00 0.000000000000000000e+00 0.000000000000000000e+00 0.000000000000000000e+00 0.000000000000000000e+00 0.000000000000000000e+00 0.000000000000000000e+00 0.000000000000000000e+00 0.000000000000000000e+00 0.000000000000000000e+00 0.000000000000000000e+00 0.000000000000000000e+00 0.000000000000000000e+00 0.000000000000000000e+00 0.000000000000000000e+00 0.000000000000000000e+00 0.000000000000000000e+00 0.000000000000000000e+00 0.000000000000000000e+00 0.000000000000000000e+00 0.000000000000000000e+00 0.000000000000000000e+00 0.000000000000000000e+00 0.000000000000000000e+00 0.000000000000000000e+00 0.000000000000000000e+00 0.000000000000000000e+00 0.000000000000000000e+00 0.000000000000000000e+00 0.000000000000000000e+00 0.000000000000000000e+00 0.000000000000000000e+00 0.000000000000000000e+00 0.000000000000000000e+00 0.000000000000000000e+00 0.000000000000000000e+00 0.000000000000000000e+00 0.000000000000000000e+00 0.000000000000000000e+00 0.000000000000000000e+00 0.000000000000000000e+00 0.000000000000000000e+00 0.000000000000000000e+00 0.000000000000000000e+00 0.000000000000000000e+00 0.000000000000000000e+00 0.000000000000000000e+00 0.000000000000000000e+00 0.000000000000000000e+00 0.000000000000000000e+00 0.000000000000000000e+00 0.000000000000000000e+00 0.000000000000000000e+00 0.000000000000000000e+00 0.000000000000000000e+00 0.000000000000000000e+00 0.000000000000000000e+00 0.000000000000000000e+00 0.000000000000000000e+00 0.000000000000000000e+00 0.000000000000000000e+00 0.000000000000000000e+00 0.000000000000000000e+00 0.000000000000000000e+00 0.000000000000000000e+00 0.000000000000000000e+00 0.000000000000000000e+00 0.000000000000000000e+00 0.000000000000000000e+00 0.000000000000000000e+00 0.000000000000000000e+00 0.000000000000000000e+00 0.000000000000000000e+00 0.000000000000000000e+00 0.000000000000000000e+00 0.000000000000000000e+00 0.000000000000000000e+00 0.000000000000000000e+00 0.000000000000000000e+00
0.000000000000000000e+00 0.000000000000000000e+00 0.000000000000000000e+00 0.000000000000000000e+00 0.000000000000000000e+00 0.000000000000000000e+00 0.000000000000000000e+00 0.000000000000000000e+00 0.000000000000000000e+00 0.000000000000000000e+00 0.000000000000000000e+00 0.000000000000000000e+00 0.000000000000000000e+00 0.000000000000000000e+00 0.000000000000000000e+00 0.000000000000000000e+00 0.000000000000000000e+00 0.000000000000000000e+00 0.000000000000000000e+00 0.000000000000000000e+00 0.000000000000000000e+00 0.000000000000000000e+00 0.000000000000000000e+00 0.000000000000000000e+00 0.000000000000000000e+00 0.000000000000000000e+00 0.000000000000000000e+00 0.000000000000000000e+00 0.000000000000000000e+00 0.000000000000000000e+00 0.000000000000000000e+00 0.000000000000000000e+00 0.000000000000000000e+00 0.000000000000000000e+00 0.000000000000000000e+00 0.000000000000000000e+00 0.000000000000000000e+00 0.000000000000000000e+00 0.000000000000000000e+00 0.000000000000000000e+00 0.000000000000000000e+00 0.000000000000000000e+00 0.000000000000000000e+00 0.000000000000000000e+00 0.000000000000000000e+00 0.000000000000000000e+00 0.000000000000000000e+00 0.000000000000000000e+00 0.000000000000000000e+00 0.000000000000000000e+00 0.000000000000000000e+00 0.000000000000000000e+00 0.000000000000000000e+00 0.000000000000000000e+00 0.000000000000000000e+00 0.000000000000000000e+00 0.000000000000000000e+00 0.000000000000000000e+00 0.000000000000000000e+00 0.000000000000000000e+00 0.000000000000000000e+00 0.000000000000000000e+00 0.000000000000000000e+00 0.000000000000000000e+00 0.000000000000000000e+00 0.000000000000000000e+00 0.000000000000000000e+00 0.000000000000000000e+00 0.000000000000000000e+00 0.000000000000000000e+00 0.000000000000000000e+00 0.000000000000000000e+00 0.000000000000000000e+00 0.000000000000000000e+00 0.000000000000000000e+00 0.000000000000000000e+00 0.000000000000000000e+00 0.000000000000000000e+00 0.000000000000000000e+00 0.000000000000000000e+00 0.000000000000000000e+00 0.000000000000000000e+00 0.000000000000000000e+00 0.000000000000000000e+00 0.000000000000000000e+00 0.000000000000000000e+00 0.000000000000000000e+00 0.000000000000000000e+00 0.000000000000000000e+00 0.000000000000000000e+00 0.000000000000000000e+00 0.000000000000000000e+00 0.000000000000000000e+00 0.000000000000000000e+00 0.000000000000000000e+00 0.000000000000000000e+00 0.000000000000000000e+00 0.000000000000000000e+00 0.000000000000000000e+00 0.000000000000000000e+00 0.000000000000000000e+00 0.000000000000000000e+00 0.000000000000000000e+00 0.000000000000000000e+00 0.000000000000000000e+00 0.000000000000000000e+00 0.000000000000000000e+00 0.000000000000000000e+00 0.000000000000000000e+00 0.000000000000000000e+00 0.000000000000000000e+00 0.000000000000000000e+00 0.000000000000000000e+00 0.000000000000000000e+00
0.000000000000000000e+00 0.000000000000000000e+00 0.000000000000000000e+00 0.000000000000000000e+00 0.000000000000000000e+00 0.000000000000000000e+00 0.000000000000000000e+00 0.000000000000000000e+00 0.000000000000000000e+00 0.000000000000000000e+00 0.000000000000000000e+00 0.000000000000000000e+00 0.000000000000000000e+00 0.000000000000000000e+00 0.000000000000000000e+00 0.000000000000000000e+00 0.000000000000000000e+00 0.000000000000000000e+00 0.000000000000000000e+00 0.000000000000000000e+00 0.000000000000000000e+00 0.000000000000000000e+00 0.000000000000000000e+00 0.000000000000000000e+00 0.000000000000000000e+00 0.000000000000000000e+00 0.000000000000000000e+00 0.000000000000000000e+00 0.000000000000000000e+00 0.000000000000000000e+00 0.000000000000000000e+00 0.000000000000000000e+00 0.000000000000000000e+00 0.000000000000000000e+00 0.000000000000000000e+00 0.000000000000000000e+00 0.000000000000000000e+00 0.000000000000000000e+00 0.000000000000000000e+00 0.000000000000000000e+00 0.000000000000000000e+00 0.000000000000000000e+00 0.000000000000000000e+00 0.000000000000000000e+00 0.000000000000000000e+00 0.000000000000000000e+00 0.000000000000000000e+00 0.000000000000000000e+00 0.000000000000000000e+00 0.000000000000000000e+00 0.000000000000000000e+00 0.000000000000000000e+00 0.000000000000000000e+00 0.000000000000000000e+00 0.000000000000000000e+00 0.000000000000000000e+00 0.000000000000000000e+00 0.000000000000000000e+00 0.000000000000000000e+00 0.000000000000000000e+00 0.000000000000000000e+00 0.000000000000000000e+00 0.000000000000000000e+00 0.000000000000000000e+00 0.000000000000000000e+00 0.000000000000000000e+00 0.000000000000000000e+00 0.000000000000000000e+00 0.000000000000000000e+00 0.000000000000000000e+00 0.000000000000000000e+00 0.000000000000000000e+00 0.000000000000000000e+00 0.000000000000000000e+00 0.000000000000000000e+00 0.000000000000000000e+00 0.000000000000000000e+00 0.000000000000000000e+00 0.000000000000000000e+00 0.000000000000000000e+00 0.000000000000000000e+00 0.000000000000000000e+00 0.000000000000000000e+00 0.000000000000000000e+00 0.000000000000000000e+00 0.000000000000000000e+00 0.000000000000000000e+00 0.000000000000000000e+00 0.000000000000000000e+00 0.000000000000000000e+00 0.000000000000000000e+00 0.000000000000000000e+00 0.000000000000000000e+00 0.000000000000000000e+00 0.000000000000000000e+00 0.000000000000000000e+00 0.000000000000000000e+00 0.000000000000000000e+00 0.000000000000000000e+00 0.000000000000000000e+00 0.000000000000000000e+00 0.000000000000000000e+00 0.000000000000000000e+00 0.000000000000000000e+00 0.000000000000000000e+00 0.000000000000000000e+00 0.000000000000000000e+00 0.000000000000000000e+00 0.000000000000000000e+00 0.000000000000000000e+00 0.000000000000000000e+00 0.000000000000000000e+00 0.000000000000000000e+00 0.000000000000000000e+00
0.000000000000000000e+00 0.000000000000000000e+00 0.000000000000000000e+00 0.000000000000000000e+00 0.000000000000000000e+00 0.000000000000000000e+00 0.000000000000000000e+00 0.000000000000000000e+00 0.000000000000000000e+00 0.000000000000000000e+00 0.000000000000000000e+00 0.000000000000000000e+00 0.000000000000000000e+00 0.000000000000000000e+00 0.000000000000000000e+00 0.000000000000000000e+00 0.000000000000000000e+00 0.000000000000000000e+00 0.000000000000000000e+00 0.000000000000000000e+00 0.000000000000000000e+00 0.000000000000000000e+00 0.000000000000000000e+00 0.000000000000000000e+00 0.000000000000000000e+00 0.000000000000000000e+00 0.000000000000000000e+00 0.000000000000000000e+00 0.000000000000000000e+00 0.000000000000000000e+00 0.000000000000000000e+00 0.000000000000000000e+00 0.000000000000000000e+00 0.000000000000000000e+00 0.000000000000000000e+00 0.000000000000000000e+00 0.000000000000000000e+00 0.000000000000000000e+00 0.000000000000000000e+00 0.000000000000000000e+00 0.000000000000000000e+00 0.000000000000000000e+00 0.000000000000000000e+00 0.000000000000000000e+00 0.000000000000000000e+00 0.000000000000000000e+00 0.000000000000000000e+00 0.000000000000000000e+00 0.000000000000000000e+00 0.000000000000000000e+00 0.000000000000000000e+00 0.000000000000000000e+00 0.000000000000000000e+00 0.000000000000000000e+00 0.000000000000000000e+00 0.000000000000000000e+00 0.000000000000000000e+00 0.000000000000000000e+00 0.000000000000000000e+00 0.000000000000000000e+00 0.000000000000000000e+00 0.000000000000000000e+00 0.000000000000000000e+00 0.000000000000000000e+00 0.000000000000000000e+00 0.000000000000000000e+00 0.000000000000000000e+00 0.000000000000000000e+00 0.000000000000000000e+00 0.000000000000000000e+00 0.000000000000000000e+00 0.000000000000000000e+00 0.000000000000000000e+00 0.000000000000000000e+00 0.000000000000000000e+00 0.000000000000000000e+00 0.000000000000000000e+00 0.000000000000000000e+00 0.000000000000000000e+00 0.000000000000000000e+00 0.000000000000000000e+00 0.000000000000000000e+00 0.000000000000000000e+00 0.000000000000000000e+00 0.000000000000000000e+00 0.000000000000000000e+00 0.000000000000000000e+00 0.000000000000000000e+00 0.000000000000000000e+00 0.000000000000000000e+00 0.000000000000000000e+00 0.000000000000000000e+00 0.000000000000000000e+00 0.000000000000000000e+00 0.000000000000000000e+00 0.000000000000000000e+00 0.000000000000000000e+00 0.000000000000000000e+00 0.000000000000000000e+00 0.000000000000000000e+00 0.000000000000000000e+00 0.000000000000000000e+00 0.000000000000000000e+00 0.000000000000000000e+00 0.000000000000000000e+00 0.000000000000000000e+00 0.000000000000000000e+00 0.000000000000000000e+00 0.000000000000000000e+00 0.000000000000000000e+00 0.000000000000000000e+00 0.000000000000000000e+00 0.000000000000000000e+00 0.000000000000000000e+00
0.000000000000000000e+00 0.000000000000000000e+00 0.000000000000000000e+00 0.000000000000000000e+00 0.000000000000000000e+00 0.000000000000000000e+00 0.000000000000000000e+00 0.000000000000000000e+00 0.000000000000000000e+00 0.000000000000000000e+00 0.000000000000000000e+00 0.000000000000000000e+00 0.000000000000000000e+00 0.000000000000000000e+00 0.000000000000000000e+00 0.000000000000000000e+00 0.000000000000000000e+00 0.000000000000000000e+00 0.000000000000000000e+00 0.000000000000000000e+00 0.000000000000000000e+00 0.000000000000000000e+00 0.000000000000000000e+00 0.000000000000000000e+00 0.000000000000000000e+00 0.000000000000000000e+00 0.000000000000000000e+00 0.000000000000000000e+00 0.000000000000000000e+00 0.000000000000000000e+00 0.000000000000000000e+00 0.000000000000000000e+00 0.000000000000000000e+00 0.000000000000000000e+00 0.000000000000000000e+00 0.000000000000000000e+00 0.000000000000000000e+00 0.000000000000000000e+00 0.000000000000000000e+00 0.000000000000000000e+00 0.000000000000000000e+00 0.000000000000000000e+00 0.000000000000000000e+00 0.000000000000000000e+00 0.000000000000000000e+00 0.000000000000000000e+00 0.000000000000000000e+00 0.000000000000000000e+00 0.000000000000000000e+00 0.000000000000000000e+00 0.000000000000000000e+00 0.000000000000000000e+00 0.000000000000000000e+00 0.000000000000000000e+00 0.000000000000000000e+00 0.000000000000000000e+00 0.000000000000000000e+00 0.000000000000000000e+00 0.000000000000000000e+00 0.000000000000000000e+00 0.000000000000000000e+00 0.000000000000000000e+00 0.000000000000000000e+00 0.000000000000000000e+00 0.000000000000000000e+00 0.000000000000000000e+00 0.000000000000000000e+00 0.000000000000000000e+00 0.000000000000000000e+00 0.000000000000000000e+00 0.000000000000000000e+00 0.000000000000000000e+00 0.000000000000000000e+00 0.000000000000000000e+00 0.000000000000000000e+00 0.000000000000000000e+00 0.000000000000000000e+00 0.000000000000000000e+00 0.000000000000000000e+00 0.000000000000000000e+00 0.000000000000000000e+00 0.000000000000000000e+00 0.000000000000000000e+00 0.000000000000000000e+00 0.000000000000000000e+00 0.000000000000000000e+00 0.000000000000000000e+00 0.000000000000000000e+00 0.000000000000000000e+00 0.000000000000000000e+00 0.000000000000000000e+00 0.000000000000000000e+00 0.000000000000000000e+00 0.000000000000000000e+00 0.000000000000000000e+00 0.000000000000000000e+00 0.000000000000000000e+00 0.000000000000000000e+00 0.000000000000000000e+00 0.000000000000000000e+00 0.000000000000000000e+00 0.000000000000000000e+00 0.000000000000000000e+00 0.000000000000000000e+00 0.000000000000000000e+00 0.000000000000000000e+00 0.000000000000000000e+00 0.000000000000000000e+00 0.000000000000000000e+00 0.000000000000000000e+00 0.000000000000000000e+00 0.000000000000000000e+00 0.000000000000000000e+00 0.000000000000000000e+00
0.000000000000000000e+00 0.000000000000000000e+00 0.000000000000000000e+00 0.000000000000000000e+00 0.000000000000000000e+00 0.000000000000000000e+00 0.000000000000000000e+00 0.000000000000000000e+00 0.000000000000000000e+00 0.000000000000000000e+00 0.000000000000000000e+00 0.000000000000000000e+00 0.000000000000000000e+00 0.000000000000000000e+00 0.000000000000000000e+00 0.000000000000000000e+00 0.000000000000000000e+00 0.000000000000000000e+00 0.000000000000000000e+00 0.000000000000000000e+00 0.000000000000000000e+00 0.000000000000000000e+00 0.000000000000000000e+00 0.000000000000000000e+00 0.000000000000000000e+00 0.000000000000000000e+00 0.000000000000000000e+00 0.000000000000000000e+00 0.000000000000000000e+00 0.000000000000000000e+00 0.000000000000000000e+00 0.000000000000000000e+00 0.000000000000000000e+00 0.000000000000000000e+00 0.000000000000000000e+00 0.000000000000000000e+00 0.000000000000000000e+00 0.000000000000000000e+00 0.000000000000000000e+00 0.000000000000000000e+00 0.000000000000000000e+00 0.000000000000000000e+00 0.000000000000000000e+00 0.000000000000000000e+00 0.000000000000000000e+00 0.000000000000000000e+00 0.000000000000000000e+00 0.000000000000000000e+00 0.000000000000000000e+00 0.000000000000000000e+00 0.000000000000000000e+00 0.000000000000000000e+00 0.000000000000000000e+00 0.000000000000000000e+00 0.000000000000000000e+00 0.000000000000000000e+00 0.000000000000000000e+00 0.000000000000000000e+00 0.000000000000000000e+00 0.000000000000000000e+00 0.000000000000000000e+00 0.000000000000000000e+00 0.000000000000000000e+00 0.000000000000000000e+00 0.000000000000000000e+00 0.000000000000000000e+00 0.000000000000000000e+00 0.000000000000000000e+00 0.000000000000000000e+00 0.000000000000000000e+00 0.000000000000000000e+00 0.000000000000000000e+00 0.000000000000000000e+00 0.000000000000000000e+00 0.000000000000000000e+00 0.000000000000000000e+00 0.000000000000000000e+00 0.000000000000000000e+00 0.000000000000000000e+00 0.000000000000000000e+00 0.000000000000000000e+00 0.000000000000000000e+00 0.000000000000000000e+00 0.000000000000000000e+00 0.000000000000000000e+00 0.000000000000000000e+00 0.000000000000000000e+00 0.000000000000000000e+00 0.000000000000000000e+00 0.000000000000000000e+00 0.000000000000000000e+00 0.000000000000000000e+00 0.000000000000000000e+00 0.000000000000000000e+00 0.000000000000000000e+00 0.000000000000000000e+00 0.000000000000000000e+00 0.000000000000000000e+00 0.000000000000000000e+00 0.000000000000000000e+00 0.000000000000000000e+00 0.000000000000000000e+00 0.000000000000000000e+00 0.000000000000000000e+00 0.000000000000000000e+00 0.000000000000000000e+00 0.000000000000000000e+00 0.000000000000000000e+00 0.000000000000000000e+00 0.000000000000000000e+00 0.000000000000000000e+00 0.000000000000000000e+00 0.000000000000000000e+00 0.000000000000000000e+00
0.000000000000000000e+00 0.000000000000000000e+00 0.000000000000000000e+00 0.000000000000000000e+00 0.000000000000000000e+00 0.000000000000000000e+00 0.000000000000000000e+00 0.000000000000000000e+00 0.000000000000000000e+00 0.000000000000000000e+00 0.000000000000000000e+00 0.000000000000000000e+00 0.000000000000000000e+00 0.000000000000000000e+00 0.000000000000000000e+00 0.000000000000000000e+00 0.000000000000000000e+00 0.000000000000000000e+00 0.000000000000000000e+00 0.000000000000000000e+00 0.000000000000000000e+00 0.000000000000000000e+00 0.000000000000000000e+00 0.000000000000000000e+00 0.000000000000000000e+00 0.000000000000000000e+00 0.000000000000000000e+00 0.000000000000000000e+00 0.000000000000000000e+00 0.000000000000000000e+00 0.000000000000000000e+00 0.000000000000000000e+00 0.000000000000000000e+00 0.000000000000000000e+00 0.000000000000000000e+00 0.000000000000000000e+00 0.000000000000000000e+00 0.000000000000000000e+00 0.000000000000000000e+00 0.000000000000000000e+00 0.000000000000000000e+00 0.000000000000000000e+00 0.000000000000000000e+00 0.000000000000000000e+00 0.000000000000000000e+00 0.000000000000000000e+00 0.000000000000000000e+00 0.000000000000000000e+00 0.000000000000000000e+00 0.000000000000000000e+00 0.000000000000000000e+00 0.000000000000000000e+00 0.000000000000000000e+00 0.000000000000000000e+00 0.000000000000000000e+00 0.000000000000000000e+00 0.000000000000000000e+00 0.000000000000000000e+00 0.000000000000000000e+00 0.000000000000000000e+00 0.000000000000000000e+00 0.000000000000000000e+00 0.000000000000000000e+00 0.000000000000000000e+00 0.000000000000000000e+00 0.000000000000000000e+00 0.000000000000000000e+00 0.000000000000000000e+00 0.000000000000000000e+00 0.000000000000000000e+00 0.000000000000000000e+00 0.000000000000000000e+00 0.000000000000000000e+00 0.000000000000000000e+00 0.000000000000000000e+00 0.000000000000000000e+00 0.000000000000000000e+00 0.000000000000000000e+00 0.000000000000000000e+00 0.000000000000000000e+00 0.000000000000000000e+00 0.000000000000000000e+00 0.000000000000000000e+00 0.000000000000000000e+00 0.000000000000000000e+00 0.000000000000000000e+00 0.000000000000000000e+00 0.000000000000000000e+00 0.000000000000000000e+00 0.000000000000000000e+00 0.000000000000000000e+00 0.000000000000000000e+00 0.000000000000000000e+00 0.000000000000000000e+00 0.000000000000000000e+00 0.000000000000000000e+00 0.000000000000000000e+00 0.000000000000000000e+00 0.000000000000000000e+00 0.000000000000000000e+00 0.000000000000000000e+00 0.000000000000000000e+00 0.000000000000000000e+00 0.000000000000000000e+00 0.000000000000000000e+00 0.000000000000000000e+00 0.000000000000000000e+00 0.000000000000000000e+00 0.000000000000000000e+00 0.000000000000000000e+00 0.000000000000000000e+00 0.000000000000000000e+00 0.000000000000000000e+00 0.000000000000000000e+00
0.000000000000000000e+00 0.000000000000000000e+00 0.000000000000000000e+00 0.000000000000000000e+00 0.000000000000000000e+00 0.000000000000000000e+00 0.000000000000000000e+00 0.000000000000000000e+00 0.000000000000000000e+00 0.000000000000000000e+00 0.000000000000000000e+00 0.000000000000000000e+00 0.000000000000000000e+00 0.000000000000000000e+00 0.000000000000000000e+00 0.000000000000000000e+00 0.000000000000000000e+00 0.000000000000000000e+00 0.000000000000000000e+00 0.000000000000000000e+00 0.000000000000000000e+00 0.000000000000000000e+00 0.000000000000000000e+00 0.000000000000000000e+00 0.000000000000000000e+00 0.000000000000000000e+00 0.000000000000000000e+00 0.000000000000000000e+00 0.000000000000000000e+00 0.000000000000000000e+00 0.000000000000000000e+00 0.000000000000000000e+00 0.000000000000000000e+00 0.000000000000000000e+00 0.000000000000000000e+00 0.000000000000000000e+00 0.000000000000000000e+00 0.000000000000000000e+00 0.000000000000000000e+00 0.000000000000000000e+00 0.000000000000000000e+00 0.000000000000000000e+00 0.000000000000000000e+00 0.000000000000000000e+00 0.000000000000000000e+00 0.000000000000000000e+00 0.000000000000000000e+00 0.000000000000000000e+00 0.000000000000000000e+00 0.000000000000000000e+00 0.000000000000000000e+00 0.000000000000000000e+00 0.000000000000000000e+00 0.000000000000000000e+00 0.000000000000000000e+00 0.000000000000000000e+00 0.000000000000000000e+00 0.000000000000000000e+00 0.000000000000000000e+00 0.000000000000000000e+00 0.000000000000000000e+00 0.000000000000000000e+00 0.000000000000000000e+00 0.000000000000000000e+00 0.000000000000000000e+00 0.000000000000000000e+00 0.000000000000000000e+00 0.000000000000000000e+00 0.000000000000000000e+00 0.000000000000000000e+00 0.000000000000000000e+00 0.000000000000000000e+00 0.000000000000000000e+00 0.000000000000000000e+00 0.000000000000000000e+00 0.000000000000000000e+00 0.000000000000000000e+00 0.000000000000000000e+00 0.000000000000000000e+00 0.000000000000000000e+00 0.000000000000000000e+00 0.000000000000000000e+00 0.000000000000000000e+00 0.000000000000000000e+00 0.000000000000000000e+00 0.000000000000000000e+00 0.000000000000000000e+00 0.000000000000000000e+00 0.000000000000000000e+00 0.000000000000000000e+00 0.000000000000000000e+00 0.000000000000000000e+00 0.000000000000000000e+00 0.000000000000000000e+00 0.000000000000000000e+00 0.000000000000000000e+00 0.000000000000000000e+00 0.000000000000000000e+00 0.000000000000000000e+00 0.000000000000000000e+00 0.000000000000000000e+00 0.000000000000000000e+00 0.000000000000000000e+00 0.000000000000000000e+00 0.000000000000000000e+00 0.000000000000000000e+00 0.000000000000000000e+00 0.000000000000000000e+00 0.000000000000000000e+00 0.000000000000000000e+00 0.000000000000000000e+00 0.000000000000000000e+00 0.000000000000000000e+00 0.000000000000000000e+00
0.000000000000000000e+00 0.000000000000000000e+00 0.000000000000000000e+00 0.000000000000000000e+00 0.000000000000000000e+00 0.000000000000000000e+00 0.000000000000000000e+00 0.000000000000000000e+00 0.000000000000000000e+00 0.000000000000000000e+00 0.000000000000000000e+00 0.000000000000000000e+00 0.000000000000000000e+00 0.000000000000000000e+00 0.000000000000000000e+00 0.000000000000000000e+00 0.000000000000000000e+00 0.000000000000000000e+00 0.000000000000000000e+00 0.000000000000000000e+00 0.000000000000000000e+00 0.000000000000000000e+00 0.000000000000000000e+00 0.000000000000000000e+00 0.000000000000000000e+00 0.000000000000000000e+00 0.000000000000000000e+00 0.000000000000000000e+00 0.000000000000000000e+00 0.000000000000000000e+00 0.000000000000000000e+00 0.000000000000000000e+00 0.000000000000000000e+00 0.000000000000000000e+00 0.000000000000000000e+00 0.000000000000000000e+00 0.000000000000000000e+00 0.000000000000000000e+00 0.000000000000000000e+00 0.000000000000000000e+00 0.000000000000000000e+00 0.000000000000000000e+00 0.000000000000000000e+00 0.000000000000000000e+00 0.000000000000000000e+00 0.000000000000000000e+00 0.000000000000000000e+00 0.000000000000000000e+00 0.000000000000000000e+00 0.000000000000000000e+00 0.000000000000000000e+00 0.000000000000000000e+00 0.000000000000000000e+00 0.000000000000000000e+00 0.000000000000000000e+00 0.000000000000000000e+00 0.000000000000000000e+00 0.000000000000000000e+00 0.000000000000000000e+00 0.000000000000000000e+00 0.000000000000000000e+00 0.000000000000000000e+00 0.000000000000000000e+00 0.000000000000000000e+00 0.000000000000000000e+00 0.000000000000000000e+00 0.000000000000000000e+00 0.000000000000000000e+00 0.000000000000000000e+00 0.000000000000000000e+00 0.000000000000000000e+00 0.000000000000000000e+00 0.000000000000000000e+00 0.000000000000000000e+00 0.000000000000000000e+00 0.000000000000000000e+00 0.000000000000000000e+00 0.000000000000000000e+00 0.000000000000000000e+00 0.000000000000000000e+00 0.000000000000000000e+00 0.000000000000000000e+00 0.000000000000000000e+00 0.000000000000000000e+00 0.000000000000000000e+00 0.000000000000000000e+00 0.000000000000000000e+00 0.000000000000000000e+00 0.000000000000000000e+00 0.000000000000000000e+00 0.000000000000000000e+00 0.000000000000000000e+00 0.000000000000000000e+00 0.000000000000000000e+00 0.000000000000000000e+00 0.000000000000000000e+00 0.000000000000000000e+00 0.000000000000000000e+00 0.000000000000000000e+00 0.000000000000000000e+00 0.000000000000000000e+00 0.000000000000000000e+00 0.000000000000000000e+00 0.000000000000000000e+00 0.000000000000000000e+00 0.000000000000000000e+00 0.000000000000000000e+00 0.000000000000000000e+00 0.000000000000000000e+00 0.000000000000000000e+00 0.000000000000000000e+00 0.000000000000000000e+00 0.000000000000000000e+00 0.000000000000000000e+00
0.000000000000000000e+00 0.000000000000000000e+00 0.000000000000000000e+00 0.000000000000000000e+00 0.000000000000000000e+00 0.000000000000000000e+00 0.000000000000000000e+00 0.000000000000000000e+00 0.000000000000000000e+00 0.000000000000000000e+00 0.000000000000000000e+00 0.000000000000000000e+00 0.000000000000000000e+00 0.000000000000000000e+00 0.000000000000000000e+00 0.000000000000000000e+00 0.000000000000000000e+00 0.000000000000000000e+00 0.000000000000000000e+00 0.000000000000000000e+00 0.000000000000000000e+00 0.000000000000000000e+00 0.000000000000000000e+00 0.000000000000000000e+00 0.000000000000000000e+00 0.000000000000000000e+00 0.000000000000000000e+00 0.000000000000000000e+00 0.000000000000000000e+00 0.000000000000000000e+00 0.000000000000000000e+00 0.000000000000000000e+00 0.000000000000000000e+00 0.000000000000000000e+00 0.000000000000000000e+00 0.000000000000000000e+00 0.000000000000000000e+00 0.000000000000000000e+00 0.000000000000000000e+00 0.000000000000000000e+00 0.000000000000000000e+00 0.000000000000000000e+00 0.000000000000000000e+00 0.000000000000000000e+00 0.000000000000000000e+00 0.000000000000000000e+00 0.000000000000000000e+00 0.000000000000000000e+00 0.000000000000000000e+00 0.000000000000000000e+00 0.000000000000000000e+00 0.000000000000000000e+00 0.000000000000000000e+00 0.000000000000000000e+00 0.000000000000000000e+00 0.000000000000000000e+00 0.000000000000000000e+00 0.000000000000000000e+00 0.000000000000000000e+00 0.000000000000000000e+00 0.000000000000000000e+00 0.000000000000000000e+00 0.000000000000000000e+00 0.000000000000000000e+00 0.000000000000000000e+00 0.000000000000000000e+00 0.000000000000000000e+00 0.000000000000000000e+00 0.000000000000000000e+00 0.000000000000000000e+00 0.000000000000000000e+00 0.000000000000000000e+00 0.000000000000000000e+00 0.000000000000000000e+00 0.000000000000000000e+00 0.000000000000000000e+00 0.000000000000000000e+00 0.000000000000000000e+00 0.000000000000000000e+00 0.000000000000000000e+00 0.000000000000000000e+00 0.000000000000000000e+00 0.000000000000000000e+00 0.000000000000000000e+00 0.000000000000000000e+00 0.000000000000000000e+00 0.000000000000000000e+00 0.000000000000000000e+00 0.000000000000000000e+00 0.000000000000000000e+00 0.000000000000000000e+00 0.000000000000000000e+00 0.000000000000000000e+00 0.000000000000000000e+00 0.000000000000000000e+00 0.000000000000000000e+00 0.000000000000000000e+00 0.000000000000000000e+00 0.000000000000000000e+00 0.000000000000000000e+00 0.000000000000000000e+00 0.000000000000000000e+00 0.000000000000000000e+00 0.000000000000000000e+00 0.000000000000000000e+00 0.000000000000000000e+00 0.000000000000000000e+00 0.000000000000000000e+00 0.000000000000000000e+00 0.000000000000000000e+00 0.000000000000000000e+00 0.000000000000000000e+00 0.000000000000000000e+00 0.000000000000000000e+00
0.000000000000000000e+00 0.000000000000000000e+00 0.000000000000000000e+00 0.000000000000000000e+00 0.000000000000000000e+00 0.000000000000000000e+00 0.000000000000000000e+00 0.000000000000000000e+00 0.000000000000000000e+00 0.000000000000000000e+00 0.000000000000000000e+00 0.000000000000000000e+00 0.000000000000000000e+00 0.000000000000000000e+00 0.000000000000000000e+00 0.000000000000000000e+00 0.000000000000000000e+00 0.000000000000000000e+00 0.000000000000000000e+00 0.000000000000000000e+00 0.000000000000000000e+00 0.000000000000000000e+00 0.000000000000000000e+00 0.000000000000000000e+00 0.000000000000000000e+00 0.000000000000000000e+00 0.000000000000000000e+00 0.000000000000000000e+00 0.000000000000000000e+00 0.000000000000000000e+00 0.000000000000000000e+00 0.000000000000000000e+00 0.000000000000000000e+00 0.000000000000000000e+00 0.000000000000000000e+00 0.000000000000000000e+00 0.000000000000000000e+00 0.000000000000000000e+00 0.000000000000000000e+00 0.000000000000000000e+00 0.000000000000000000e+00 0.000000000000000000e+00 0.000000000000000000e+00 0.000000000000000000e+00 0.000000000000000000e+00 0.000000000000000000e+00 0.000000000000000000e+00 0.000000000000000000e+00 0.000000000000000000e+00 0.000000000000000000e+00 0.000000000000000000e+00 0.000000000000000000e+00 0.000000000000000000e+00 0.000000000000000000e+00 0.000000000000000000e+00 0.000000000000000000e+00 0.000000000000000000e+00 0.000000000000000000e+00 0.000000000000000000e+00 0.000000000000000000e+00 0.000000000000000000e+00 0.000000000000000000e+00 0.000000000000000000e+00 0.000000000000000000e+00 0.000000000000000000e+00 0.000000000000000000e+00 0.000000000000000000e+00 0.000000000000000000e+00 0.000000000000000000e+00 0.000000000000000000e+00 0.000000000000000000e+00 0.000000000000000000e+00 0.000000000000000000e+00 0.000000000000000000e+00 0.000000000000000000e+00 0.000000000000000000e+00 0.000000000000000000e+00 0.000000000000000000e+00 0.000000000000000000e+00 0.000000000000000000e+00 0.000000000000000000e+00 0.000000000000000000e+00 0.000000000000000000e+00 0.000000000000000000e+00 0.000000000000000000e+00 0.000000000000000000e+00 0.000000000000000000e+00 0.000000000000000000e+00 0.000000000000000000e+00 0.000000000000000000e+00 0.000000000000000000e+00 0.000000000000000000e+00 0.000000000000000000e+00 0.000000000000000000e+00 0.000000000000000000e+00 0.000000000000000000e+00 0.000000000000000000e+00 0.000000000000000000e+00 0.000000000000000000e+00 0.000000000000000000e+00 0.000000000000000000e+00 0.000000000000000000e+00 0.000000000000000000e+00 0.000000000000000000e+00 0.000000000000000000e+00 0.000000000000000000e+00 0.000000000000000000e+00 0.000000000000000000e+00 0.000000000000000000e+00 0.000000000000000000e+00 0.000000000000000000e+00 0.000000000000000000e+00 0.000000000000000000e+00 0.000000000000000000e+00
9.337359628522179378e-01 4.265237040439581406e+00 1.140389200150878501e+01 1.617544957035579500e+01 1.401192482351350144e+01 1.158619409959388946e+01 2.376883678198043981e+01 5.051589017749381583e+01 6.705591562677969364e+01 5.948133366596963612e+01 5.694751108645607474e+01 8.816289370343152143e+01 1.373306667084791002e+02 1.573124582453272353e+02 1.404747453434789293e+02 1.416947175867516080e+02 1.970875021068356432e+02 2.712305479252580085e+02 2.964690623172173787e+02 2.731167578266999953e+02 2.928824088707358442e+02 3.933608109411821943e+02 4.954478815292959553e+02 5.078479806630468261e+02 4.625863355089825859e+02 4.921338751059138303e+02 6.167215525407511905e+02 7.094114630380390736e+02 6.980260365747133164e+02 6.514091932145754527e+02 7.030641210488165598e+02 8.557605044427928078e+02 9.452974951336888125e+02 8.522365908108267831e+02 9.665231467664831371e+02 1.114781094906833005e+03 1.285826474647027226e+03 1.483113304549243594e+03 1.710650246093852502e+03 1.972774516955979607e+03 2.273692202034967522e+03 2.620289949092777533e+03 3.019746961071740770e+03 3.480031397762068082e+03 4.010461103710146745e+03 4.622207645798664998e+03 5.358515402216518851e+03 6.234285026572496463e+03 7.253102149497770370e+03 8.438435933289318200e+03 9.817385786917548103e+03 1.140167252046740577e+04 1.309904383282778326e+04 1.501235551708352796e+04 1.720419414334578687e+04 1.971498312832223019e+04 2.259949917465692124e+04 2.594839671853631808e+04 2.979901896756457427e+04 3.421746893962768081e+04 3.928651441639271798e+04 4.510020226615324646e+04 5.181427985579587403e+04 5.984725081194964150e+04 6.919189148819116235e+04 7.997533981818161556e+04 9.241371221112720377e+04 1.067517552698432701e+05 1.232673155419097457e+05 1.420599752835225372e+05 1.631567377036765683e+05 1.872510405025495857e+05 2.147588903731867613e+05 2.461153636926590116e+05 2.818193597058107844e+05 3.227118116475333809e+05 3.692308183501987951e+05 4.218600051547718467e+05 4.812036521246346529e+05 5.478544553918023594e+05 6.205848620370483259e+05 6.943312879439576063e+05 7.736060589716021204e+05 8.589494955958161736e+05 9.498605282677639043e+05 1.052364071966467192e+06 1.169886243659486296e+06 1.292347631967211608e+06 1.416822375714278547e+06 1.539340512508515967e+06 1.654432013943686383e+06 1.755855924456038978e+06 1.835733837523475755e+06 1.884928452556088101e+06 1.893577428511119680e+06 1.851985937881616876e+06 1.752037267999863951e+06 1.589175546067501185e+06 1.364887905541559216e+06 1.089383808651369065e+06 7.838236377780081239e+05 4.810126746854125522e+05 2.230783419198688644e+05 5.461624408317479538e+04 1.056293690744968080e+04 1.001656146793070948e+05 2.921239964378374279e+05 5.102741929631951498e+05 6.510989507131348364e+05 6.286221412664775271e+05 4.342449796256358968e+05 1.724598939787676500e+05 1.984069227213679187e+04 9.154186181497552025e+04
4.254370820066042391e+00 1.943365130696380305e+01 5.195941960716658059e+01 7.370000032377100752e+01 6.384234093235355800e+01 5.278999623755951376e+01 1.082975858723452092e+02 2.301647470942810401e+02 3.055256790181967403e+02 2.710135624506458498e+02 2.594685788847651224e+02 4.016944932275865767e+02 6.257163477750757465e+02 7.167584311117079778e+02 6.400405336789276589e+02 6.455984646412797474e+02 8.979826756400009344e+02 1.235797666874015249e+03 1.350789619682393095e+03 1.244388600740878474e+03 1.334444682420501522e+03 1.792249156194366833e+03 2.257382423072801885e+03 2.313877018026475525e+03 2.107650080778051233e+03 2.242273614762562829e+03 2.809923543855929893e+03 3.232237806360226841e+03 3.180357270100672395e+03 2.967954273737758740e+03 3.203302825611826847e+03 3.899018605499441946e+03 4.306963353416368591e+03 3.882951815223657377e+03 4.403648199804542855e+03 5.079117435278056291e+03 5.858400520496636091e+03 6.757230885044916249e+03 7.793867710801413523e+03 8.988065431450415417e+03 1.035897888489654179e+04 1.193797269316405436e+04 1.375774031307220866e+04 1.585456438652398901e+04 1.827086951413121642e+04 2.105751620182287661e+04 2.441146426178781257e+04 2.840052478499158678e+04 3.304093803609914175e+04 3.843949377022113185e+04 4.471947342490827577e+04 5.193405148876480962e+04 5.966276622849695559e+04 6.837379247980086075e+04 7.835173667413399380e+04 8.978008885584972450e+04 1.029074889806169085e+05 1.181456445441846445e+05 1.356631170191860292e+05 1.557589322210991231e+05 1.788073204636616283e+05 2.052329709664505208e+05 2.357401264985199959e+05 2.722265176071877358e+05 3.146504554561349796e+05 3.635787846060144948e+05 4.199791052718927967e+05 4.849438566667806590e+05 5.597088354152936954e+05 6.446917820856824983e+05 7.399711659622453153e+05 8.486348178927367553e+05 9.724902480797882890e+05 1.113404908881180454e+06 1.273500630196874030e+06 1.456397917743812315e+06 1.663836090394453146e+06 1.897685684827220859e+06 2.160264909958463628e+06 2.453715860586062074e+06 2.771900577652060892e+06 3.091489572960308753e+06 3.431779386804565787e+06 3.794031287612310611e+06 4.174605776187511627e+06 4.598034232412567362e+06 5.076542409866703674e+06 5.562930872481499799e+06 6.041145375136502087e+06 6.490397835109382868e+06 6.883539984601156786e+06 7.190639388677050360e+06 7.376112781780804507e+06 7.401512812739697285e+06 7.229331211368320510e+06 6.828610958502332680e+06 6.182766987107741646e+06 5.299288507881586440e+06 4.220064826018982567e+06 3.029707572634452023e+06 1.857583112909423886e+06 8.678328002005645540e+05 2.316420655368058942e+05 7.938625736900916672e+04 4.388720106046580477e+05 1.180249273462533485e+06 2.004269449835115345e+06 2.515975851617165376e+06 2.400828455903003924e+06 1.648846960280649830e+06 6.734534397558078635e+05 1.328967404205762432e+05 4.210710910684481496e+05 1.182697949035953265e+06
7.952352978273157014e+00 3.632575729956245425e+01 9.712353848509417276e+01 1.377614110442675042e+02 1.193352319278771603e+02 9.867592655110625799e+01 2.024316359758520889e+02 4.302276591360288194e+02 5.710931357290809274e+02 5.065819893724921030e+02 4.850013824278783545e+02 7.508515982825448418e+02 1.169595303894882591e+03 1.339770602238843139e+03 1.196366691033371808e+03 1.206753717217562098e+03 1.678510991878811637e+03 2.309954502133164169e+03 2.524893275116570294e+03 2.326002663293628757e+03 2.494331060686630281e+03 3.350054828297817039e+03 4.219475271271092424e+03 4.325063793325402912e+03 3.939574604799453482e+03 4.191204051639311729e+03 5.252242315380573928e+03 6.041615596221530723e+03 5.944622716401530852e+03 5.547584690279089045e+03 5.987482895949919111e+03 7.287886648897192572e+03 8.050387678066244007e+03 7.257819685702670540e+03 8.231031801003471628e+03 9.493514368427986483e+03 1.095000856716815179e+04 1.262991059483629033e+04 1.456733348272813237e+04 1.679917963646015778e+04 1.936122391754731507e+04 2.231205233381899598e+04 2.571272157069943569e+04 2.963097961029325234e+04 3.414603082678687497e+04 3.935281558608375781e+04 4.561925823297062743e+04 5.307185498136603564e+04 6.174065274664554454e+04 7.182480952590360539e+04 8.355415409253259713e+04 9.702734989625257731e+04 1.114580352767431614e+05 1.277198435506449605e+05 1.463429907718380564e+05 1.676682548717986501e+05 1.921574027803190402e+05 2.205757288306369446e+05 2.532332559364937770e+05 2.906820460811603698e+05 3.336124273611653480e+05 3.828060830875596730e+05 4.395622442611044971e+05 5.073992340653516585e+05 5.862112402288793819e+05 6.770183380301860161e+05 7.815749665454003261e+05 9.018512127612952609e+05 1.040061644621974789e+06 1.196873541154884035e+06 1.372293307582843583e+06 1.571867198947458994e+06 1.798698078055245802e+06 2.055917531101044966e+06 2.347020525192565285e+06 2.678119405772905331e+06 3.051673515967168380e+06 3.470158804124516901e+06 3.936584450175735168e+06 4.453269983577385545e+06 5.007139369341208600e+06 5.553928413635189645e+06 6.125985273601829074e+06 6.722267093105154112e+06 7.332259397887147963e+06 7.993571811714867130e+06 8.719841819410463795e+06 9.420641593061234802e+06 1.006007893730499409e+07 1.059451418347667530e+07 1.097117023251313530e+07 1.113588806363729388e+07 1.103117177544986457e+07 1.060443768348804303e+07 9.818470494514619932e+06 8.664719248814392835e+06 7.178663435941231437e+06 5.454423113199718297e+06 3.653404408404546324e+06 1.999322758514542133e+06 7.506610543372627581e+05 1.437141735153455229e+05 3.080372366147979046e+05 1.173677000855540857e+06 2.413694698190418072e+06 3.484546934653530829e+06 3.815736176901748870e+06 3.128428052890745457e+06 1.726494877860035282e+06 4.785360476385208894e+05 2.780344387974549318e+05 1.198610276911713881e+06 2.165910270765014924e+06 1.940036622617778601e+06
1.017506381954086336e+01 4.647893095788493412e+01 1.242698798881485516e+02 1.762661187967533465e+02 1.526896879948525907e+02 1.262559681670850722e+02 2.590115424444929886e+02 5.504767300128080478e+02 7.307137035598138937e+02 6.481708720328440450e+02 6.205577149186176484e+02 9.607122821473824388e+02 1.496493109612892113e+03 1.714229746616745615e+03 1.530742095728043523e+03 1.544029593160668128e+03 2.147638822118794451e+03 2.955563469681711922e+03 3.230569436311299796e+03 2.976082970250483413e+03 3.191451132454837534e+03 4.286334214993345086e+03 5.398738833046838408e+03 5.533822621593872100e+03 5.040579799789432400e+03 5.362524565275207351e+03 6.720093269137952120e+03 7.730064664572727452e+03 7.605938576688599824e+03 7.097912810450635334e+03 7.660736406373059253e+03 9.324549452298118922e+03 1.030012033313822212e+04 9.286030471247979222e+03 1.053114220924441361e+04 1.214632919003913048e+04 1.400970008871510436e+04 1.615884929064349853e+04 1.863740032700624579e+04 2.149253797454840242e+04 2.476999489051915225e+04 2.854467449559441229e+04 3.289462306615873240e+04 3.790642380774080812e+04 4.368128462791111815e+04 5.034050236386653705e+04 5.835450789120110130e+04 6.788479501191838062e+04 7.896937785567538231e+04 9.186244592524516338e+04 1.068572154012625397e+05 1.240789091859286127e+05 1.425207824602958863e+05 1.632985823359726928e+05 1.870882532133970817e+05 2.143227569513930357e+05 2.455887639414095320e+05 2.818595299193110550e+05 3.235247134001813829e+05 3.712811306725332397e+05 4.259993160473929020e+05 4.886625960743761389e+05 5.609095885641798377e+05 6.472019109083607327e+05 7.473656642993337009e+05 8.626515608238370623e+05 9.952296911469905172e+05 1.147521838092272170e+06 1.322230544993344694e+06 1.520054195811531972e+06 1.740809747827617917e+06 1.991286126048343256e+06 2.275079349578055087e+06 2.595711329902133439e+06 2.957020704856744967e+06 3.365951580177611671e+06 3.824601156793528236e+06 4.334796439601017162e+06 4.898664692871197127e+06 5.517008994331620634e+06 6.171114430737704970e+06 6.803729028951448388e+06 7.451616766637265682e+06 8.109468648133771494e+06 8.759735020407421514e+06 9.440915602696137503e+06 1.016032186825893447e+07 1.080221243104065023e+07 1.131694719067334384e+07 1.164792526566356607e+07 1.173221772433191724e+07 1.151205249414790608e+07 1.093640985953619890e+07 9.974462236314736307e+06 8.630956186457877979e+06 6.962650911295516416e+06 5.092409296285658143e+06 3.214574887277026661e+06 1.582798885835534660e+06 4.710013531395719619e+05 1.023635474638123560e+05 5.533173902625257615e+05 1.661100989719310775e+06 2.989490782630203292e+06 3.920567268912114203e+06 3.910617821295045316e+06 2.846669681501799263e+06 1.283763486490785377e+06 2.515339511939125659e+05 5.080928051627689856e+05 1.695714246599778999e+06 2.404853835135008674e+06 1.664993031184068648e+06 4.348386616419000784e+05
1.364386674511698416e+01 6.232415631186191973e+01 1.666349389984600862e+02 2.363572220134481938e+02 2.047431831900453005e+02 1.692977773870614726e+02 3.473109655300619352e+02 7.381391195572306287e+02 9.798195541954464716e+02 8.691358771643983800e+02 8.321078956502660731e+02 1.288222395342989557e+03 2.006652007418728999e+03 2.298612244617079796e+03 2.052568341685483574e+03 2.070381116119024682e+03 2.879758216993212955e+03 3.963098166999712703e+03 4.331841997456265744e+03 3.990589245606017357e+03 4.279364583201686401e+03 5.747475583894633019e+03 7.239075709364692557e+03 7.420182537384114767e+03 6.758773766660061483e+03 7.190446587437829294e+03 9.010770777694966455e+03 1.036499583617005010e+04 1.019851450572971589e+04 9.517272769615281504e+03 1.027192330544039578e+04 1.250285293414825537e+04 1.381092080102918590e+04 1.245112157296163969e+04 1.412051155224203831e+04 1.628606059018840824e+04 1.878431084919890782e+04 2.166564266953228434e+04 2.498851079081065836e+04 2.881613225089103071e+04 3.320976113313069800e+04 3.826973984015449241e+04 4.410059426369563880e+04 5.081825633886826836e+04 5.855821183169885626e+04 6.748280807218057453e+04 7.822229925163395819e+04 9.099263374194744392e+04 1.058440632902325888e+05 1.231163721609097702e+05 1.432013133083213470e+05 1.662650966923962696e+05 1.909567761582762469e+05 2.187690065807391948e+05 2.506040399270674679e+05 2.870373156463330961e+05 3.288485505588462693e+05 3.773328679818979581e+05 4.330010509419577429e+05 4.967715354505744763e+05 5.697903836776276585e+05 6.533480947050099494e+05 7.496023665773437824e+05 8.644690958137126872e+05 9.976511923995033139e+05 1.150735442448024172e+06 1.326508063976676203e+06 1.528053000053139171e+06 1.758778234468218405e+06 2.019365225283017848e+06 2.309256106309050228e+06 2.637051835504344665e+06 3.006966887657023966e+06 3.422940672857250087e+06 3.889104257680547424e+06 4.413369484566487372e+06 4.996892737158562057e+06 5.640031336966695264e+06 6.342982404917283915e+06 7.103540390940045007e+06 7.893753613064313307e+06 8.636373544863052666e+06 9.373978397168315947e+06 1.009417622313973680e+07 1.076849056767117418e+07 1.143572916650129482e+07 1.209339113926662505e+07 1.259118327397016250e+07 1.286345858937301673e+07 1.284193018975809589e+07 1.246023793169830553e+07 1.167132610871799849e+07 1.045426748326308094e+07 8.833508285685950890e+06 6.897046162731425837e+06 4.809357316312642768e+06 2.811349161074628122e+06 1.197091906965748640e+06 2.579572614856791624e+05 1.923036632372374006e+05 9.961259643795633456e+05 2.376763993195885792e+06 3.758386505639547016e+06 4.449418109886107035e+06 3.982253194782672916e+06 2.494430872071916703e+06 8.517029283712238539e+05 1.982583826146758511e+05 9.928226798401558772e+05 2.311488239679449238e+06 2.525511725191260688e+06 1.265375483555558603e+06 2.761392377514770487e+05 9.784351334645884344e+05
1.958968758131977594e+01 8.948420556519337765e+01 2.392521966129350517e+02 3.393583599887289211e+02 2.939671229845242237e+02 2.430748706260286838e+02 4.986632332161365184e+02 1.059807347366406020e+03 1.406806276049014514e+03 1.247886304313178698e+03 1.194719918896953914e+03 1.849598031065774649e+03 2.881100274207569782e+03 3.300283201828814526e+03 2.947011014906970104e+03 2.972578125158648163e+03 4.134653631407736611e+03 5.690070368241837969e+03 6.219481054919037888e+03 5.729499049745189041e+03 6.144093019874906531e+03 8.251932137599034832e+03 1.039348638128094717e+04 1.065346578418622266e+04 9.703799435469692980e+03 1.032354155119449570e+04 1.293703867943460500e+04 1.488131368941874280e+04 1.464221169278222442e+04 1.366405088347652418e+04 1.474748499323356918e+04 1.795044995459445272e+04 1.982840080626054987e+04 1.787602976200455305e+04 2.027256754468297004e+04 2.338134174263459863e+04 2.696763967753391626e+04 3.110374219896709474e+04 3.587350505707052798e+04 4.136759829514502781e+04 4.767384525196928007e+04 5.493614314208833821e+04 6.330434053843084257e+04 7.294458873615207267e+04 8.405101267127518076e+04 9.685616865553401294e+04 1.122639771142713726e+05 1.305834171094432531e+05 1.518853455963040178e+05 1.766557179429509561e+05 2.054544560574776551e+05 2.385171517483627540e+05 2.739023648214925197e+05 3.137470269044921733e+05 3.593391880718956818e+05 4.114958911170520587e+05 4.713242059867681819e+05 5.406659127942449413e+05 6.202334734965346288e+05 7.113171413109546993e+05 8.155245447777530644e+05 9.346586129601944704e+05 1.071746993799821474e+06 1.235164932018087711e+06 1.424372650502918754e+06 1.641488650039450964e+06 1.890294918402787996e+06 2.174931424977753311e+06 2.499912182731888257e+06 2.865770210961041506e+06 3.271161981111569796e+06 3.727564143274205271e+06 4.239981033309188671e+06 4.812728914327736013e+06 5.450014521460527554e+06 6.160838552330592647e+06 6.944114508092729375e+06 7.796934935955208726e+06 8.715315639659341425e+06 9.690933465868975967e+06 1.067950986467001960e+07 1.157040171946329251e+07 1.241479840359656140e+07 1.318821830516212620e+07 1.384464670067819953e+07 1.442319647496637702e+07 1.490696133554655686e+07 1.509747188182831369e+07 1.491385203295986727e+07 1.428498764795080200e+07 1.316104129543333873e+07 1.153928909225622565e+07 9.476478604947766289e+06 7.110423872676494531e+06 4.670795265825988725e+06 2.469605726556952111e+06 8.596268286316755693e+05 1.522542736255877826e+05 4.992927987877042033e+05 1.768312507559617981e+06 3.474546095406585373e+06 4.855785511427146383e+06 5.154692103220243007e+06 4.064367500480896328e+06 2.100537373925390653e+06 5.068309648307684693e+05 4.389750100807056879e+05 1.815500412276527379e+06 3.028323494296957739e+06 2.492330847677308135e+06 8.431190372688432690e+05 4.565202562412788975e+05 1.692801468319108244e+06 1.896286529828377767e+06
2.237913202347932540e+01 1.022261603180390210e+02 2.733200400905695346e+02 3.876804391319563479e+02 3.358255286455390660e+02 2.776863084349807878e+02 5.696679707658879579e+02 1.210713037224989876e+03 1.607119030763772116e+03 1.425567704836330904e+03 1.364828210246401341e+03 2.112950348777738782e+03 3.291319910515748688e+03 3.770179738578210618e+03 3.366597101483563165e+03 3.395794695433292418e+03 4.723320536197874389e+03 6.500183248468953025e+03 7.104945542811428822e+03 6.545174007800434993e+03 7.018771671651891666e+03 9.426685111527127447e+03 1.187310191483171729e+04 1.217003761242522705e+04 1.108511528089896092e+04 1.179304561301108879e+04 1.477856413050040646e+04 1.699956395375885040e+04 1.672632922877804958e+04 1.560883226948531592e+04 1.684643811669667411e+04 2.050526992964167948e+04 2.265043737905245143e+04 2.042007500205460747e+04 2.315743404981278582e+04 2.670827279782082041e+04 3.080443000031301563e+04 3.552841189537446917e+04 4.097592547921988444e+04 4.725043372608225764e+04 5.445211284309274197e+04 6.274513786633538257e+04 7.230041492922868929e+04 8.330738370480801677e+04 9.598731642092212860e+04 1.106052223262540356e+05 1.281925205786377192e+05 1.491008676509298966e+05 1.734096254103810643e+05 2.016716162786105415e+05 2.345233669842521194e+05 2.722302830131315277e+05 3.125723156886876677e+05 3.579830927866204293e+05 4.099250366668704082e+05 4.693203322722526500e+05 5.374184998881075298e+05 6.163019201868411619e+05 7.067590062321416335e+05 8.102291045908711385e+05 9.285026660776032368e+05 1.063578623479133006e+06 1.218830315222063567e+06 1.403681397910899715e+06 1.617378387998462887e+06 1.862148600955646485e+06 2.142049494324899279e+06 2.461464826084606349e+06 2.825097718708545901e+06 3.233027455542295706e+06 3.683078357061213348e+06 4.187330576443623751e+06 4.750275774457456544e+06 5.375289572316607460e+06 6.065195053055288270e+06 6.827584444334238768e+06 7.658144513366246596e+06 8.549797759722383693e+06 9.493406615463221446e+06 1.047408297540094331e+07 1.143739887271627411e+07 1.225867058926704153e+07 1.298678197218060866e+07 1.358887487829288282e+07 1.401042366250180826e+07 1.428306826509942487e+07 1.438078367552887835e+07 1.410624330276733078e+07 1.339397954463817924e+07 1.220564565035354346e+07 1.054607838660786487e+07 8.489542643618803471e+06 6.189323041419054382e+06 3.886085321691329125e+06 1.892808704852338415e+06 5.460506541032666573e+05 1.177687003020854609e+05 6.967575326961250976e+05 2.075463920646278886e+06 3.709990353305106051e+06 4.836938730551463552e+06 4.792696635686858557e+06 3.453860762154904194e+06 1.523657900270013837e+06 2.794761365072927438e+05 6.390196750015352154e+05 2.123263519663210958e+06 2.969429057452897541e+06 2.009664257319241064e+06 4.914640109199362923e+05 6.368782007746687159e+05 1.885174285450721858e+06 1.554853782089737942e+06 3.856479205587409670e+05
3.089516525068309605e+01 1.411267194161208351e+02 3.773275512699453316e+02 5.352056169186178067e+02 4.636176613406593106e+02 3.833540250892664858e+02 7.864433195619105845e+02 1.671424005974608463e+03 2.218670196850369848e+03 1.968028399025780800e+03 1.884170828033152475e+03 2.916967858453791905e+03 4.543726375032204487e+03 5.204787312587835913e+03 4.647615351577337606e+03 4.687905486364274111e+03 6.520561854216581196e+03 8.973518878921622672e+03 9.808354786429370506e+03 9.035536224364841473e+03 9.689297056954774234e+03 1.301338212214596206e+04 1.639059982103730363e+04 1.680041651052370798e+04 1.530259047536416256e+04 1.627980672900500940e+04 2.040119615211926430e+04 2.346713447299355539e+04 2.308976976031128288e+04 2.154693248821090310e+04 2.325530649310434455e+04 2.830606487925635156e+04 3.126719889607842924e+04 2.818813105589997576e+04 3.196637727887856454e+04 3.686734686217368289e+04 4.252078545674502675e+04 4.904047559065516543e+04 5.655838380296590913e+04 6.521713264460639039e+04 7.515474487547912577e+04 8.659748887581071176e+04 9.978080406669569493e+04 1.149655535422408429e+05 1.324563232709345175e+05 1.526177806505227054e+05 1.768716577421980910e+05 2.057010621894767391e+05 2.392127143182849977e+05 2.781656274716210319e+05 3.234329486759929569e+05 3.753743917564889998e+05 4.309212446277296985e+05 4.934196242308657384e+05 5.648722831488677766e+05 6.465323055848442018e+05 7.400975570571387652e+05 8.484041599871257786e+05 9.724950765855142381e+05 1.114295681345714722e+06 1.276195740543509601e+06 1.460846972568017896e+06 1.672754806380036986e+06 1.924673120783953695e+06 2.215320297408964019e+06 2.547431644021670334e+06 2.926146626266767737e+06 3.356912270375486463e+06 3.845431079171720892e+06 4.390897120545221493e+06 4.989208612320978194e+06 5.655275816768012941e+06 6.393223902230298147e+06 7.205106754775544629e+06 8.091540564536762424e+06 9.058601499105671421e+06 1.009543537819434889e+07 1.118643079023810104e+07 1.231205680833001621e+07 1.344399773649333045e+07 1.450265047788705304e+07 1.532157614692876115e+07 1.595596644664638862e+07 1.635771633430000022e+07 1.645557211403260008e+07 1.628238851956256852e+07 1.580568963092353940e+07 1.481600561577989534e+07 1.328257196101668105e+07 1.123453192309252918e+07 8.780992123973496258e+06 6.132677244545931928e+06 3.594779165454749949e+06 1.539910531882750336e+06 3.380920894903453300e+05 2.426047018527747714e+05 1.251360883654589998e+06 2.996963248344035819e+06 4.752269270451782271e+06 5.640542822660015896e+06 5.064285771953252144e+06 3.188858682907636277e+06 1.103086348400684539e+06 2.569913163095841301e+05 1.245069987039208878e+06 2.915277750335368793e+06 3.207147863693487830e+06 1.627787774097665679e+06 3.614287272987261531e+05 1.226999164269336732e+06 2.277645154250382911e+06 1.224931654207056621e+06 4.731934227203338523e+05 1.516993519638394006e+06
3.806568510315342735e+01 1.738810589900337504e+02 4.649019538508112532e+02 6.594216702110524011e+02 5.712180860837493128e+02 4.723253017390392188e+02 9.689663250232703149e+02 2.059338107070595015e+03 2.733587425766088018e+03 2.424768232066818200e+03 2.321441597296500731e+03 3.593926623418788949e+03 5.598212991643597888e+03 6.412670826633180695e+03 5.726166789947189500e+03 5.775782703380619751e+03 8.033729765107642379e+03 1.105591032838916180e+04 1.208442244391833447e+04 1.113219077881374324e+04 1.193760485092044109e+04 1.603301283556158523e+04 2.019385370435981895e+04 2.069862803345115753e+04 1.885309455946574599e+04 2.005696744025628868e+04 2.513458951054994395e+04 2.891178954831232477e+04 2.844662640501118585e+04 2.654557818124394907e+04 2.865019677238107033e+04 3.487265984060368646e+04 3.852057134207965282e+04 3.472691066737096116e+04 3.938098351434549113e+04 4.541791902809763997e+04 5.238146242844541848e+04 6.041163721782209905e+04 6.967081556519195146e+04 8.033442743712408992e+04 9.257214890080085024e+04 1.066622341394212999e+05 1.228940682063450513e+05 1.415881347959129489e+05 1.631184785218569741e+05 1.879327547822095803e+05 2.177796439480613917e+05 2.532510943013045471e+05 2.944746522281512152e+05 3.423796966513893567e+05 3.980342580318825785e+05 4.618722672159859794e+05 5.301074595891368808e+05 6.068437299190714257e+05 6.945262680940504652e+05 7.946712984161209315e+05 9.093332435450076591e+05 1.041953057314492413e+06 1.193753085353503702e+06 1.367020618590933736e+06 1.564587308989897836e+06 1.789572263038680423e+06 2.047318854069964960e+06 2.353190482906644233e+06 2.705279553970935754e+06 3.106495106139158364e+06 3.562544084493394941e+06 4.079322610818839166e+06 4.662797338042889722e+06 5.310760208192635328e+06 6.016715088606986217e+06 6.796710902070884593e+06 7.653142399763705209e+06 8.585211468232978135e+06 9.589553520780246705e+06 1.066819309118198790e+07 1.180189515932700038e+07 1.296468100910673104e+07 1.412485113024986163e+07 1.523952743182221055e+07 1.620792386137402616e+07 1.683641773801305890e+07 1.718266996150658280e+07 1.719139670890075713e+07 1.678948379894940183e+07 1.601735226864528656e+07 1.485638699580116197e+07 1.314113643935460038e+07 1.091853823039887287e+07 8.325745063741968945e+06 5.601693915507545695e+06 3.084238814864111599e+06 1.164604703201055992e+06 2.050204756139450765e+05 4.122160358323248220e+05 1.695742920816992875e+06 3.575802064682181925e+06 5.235263024121110328e+06 5.797278166641641408e+06 4.806020761430487968e+06 2.683027701763970777e+06 7.331516523771951906e+05 3.543044046876350185e+05 1.736606349929749267e+06 3.280191510266985744e+06 3.014313571622106712e+06 1.181773427673801780e+06 3.917854278898056364e+05 1.670559896343759494e+06 2.261238360578719527e+06 8.594532638936567819e+05 6.824061042048871750e+05 1.691941424553559395e+06 8.126500947812518571e+05
4.202412216533803502e+01 1.919628402862912822e+02 5.132465816727517449e+02 7.279936185940302948e+02 6.306169884390002380e+02 5.214396366457938257e+02 1.069723645274335013e+03 2.273475635907630931e+03 3.017829654018282326e+03 2.676889753979597117e+03 2.562810343301153353e+03 3.967601046267885067e+03 6.180275810438024564e+03 7.079391828406731292e+03 6.321477622446255737e+03 6.376221993530283726e+03 8.868905489934459183e+03 1.220525303421187709e+04 1.334061814577409314e+04 1.228930498727855593e+04 1.317837599226273596e+04 1.769945395861052020e+04 2.229273047062167461e+04 2.284980210099620672e+04 2.081226107857746683e+04 2.214114271572477446e+04 2.774640464451428124e+04 3.191600278717639230e+04 3.140220258451772315e+04 2.930330395492806565e+04 3.162646666864725557e+04 3.849534160078037530e+04 4.252200951357882877e+04 3.833388943110824039e+04 4.347061505885536462e+04 5.013347014226033934e+04 5.781867120487830834e+04 6.668059710052834998e+04 7.689823081522111897e+04 8.866488315504383354e+04 1.021674062107421050e+05 1.177123383385575580e+05 1.356182987528787344e+05 1.562379617181817885e+05 1.799827514131438220e+05 2.073448473260788305e+05 2.402510544980875275e+05 2.793508391772814794e+05 3.247801657488923520e+05 3.775579381227200502e+05 4.388537110652090050e+05 5.091351619494305924e+05 5.842157785091801779e+05 6.686031184036785271e+05 7.649692113298961194e+05 8.749540535098438850e+05 1.000779831532966113e+06 1.146180038977613440e+06 1.312427670885824831e+06 1.501944379790377337e+06 1.717719131393176969e+06 1.963015675114583923e+06 2.243481310700329952e+06 2.575652276665190700e+06 2.957027655327277724e+06 3.390266017540992238e+06 3.880920550551881082e+06 4.434531554021358490e+06 5.056434509435600601e+06 5.742772433724356815e+06 6.484709895403960720e+06 7.297283836432467215e+06 8.180089240926640108e+06 9.128532039023920894e+06 1.013438874909187667e+07 1.119402211025548354e+07 1.228018780244053155e+07 1.335762787833163328e+07 1.438438713310630247e+07 1.530667397262651660e+07 1.601396216266979836e+07 1.631038362489257753e+07 1.625426166079444252e+07 1.579733195907338895e+07 1.488512952715112641e+07 1.357553479787804745e+07 1.188633202230677195e+07 9.743097601904109120e+06 7.287875010140284896e+06 4.760590775619493797e+06 2.486885834620608017e+06 8.356008570761110168e+05 1.290720208116045687e+05 5.207976868220989709e+05 1.865828951896717073e+06 3.651108803008235991e+06 5.076719730840330943e+06 5.354843674247706309e+06 4.178344814304048661e+06 2.107701942990493495e+06 4.609510019668212044e+05 4.424342217080619885e+05 1.929789097381070722e+06 3.191967647399561014e+06 2.567529108208962716e+06 7.987571097066161456e+05 4.471954374501776765e+05 1.816954612096752971e+06 1.980960933116946369e+06 5.642616903355768882e+05 8.225724521644845372e+05 1.595147910711131757e+06 5.551608259178956505e+05 8.970349765597118530e+05
5.443047239990426078e+01 2.486339799292441057e+02 6.647665078441726791e+02 9.429099311370400756e+02 8.167845039767771596e+02 6.753746228055322263e+02 1.385518716532197686e+03 2.944630265141925065e+03 3.908715423496215863e+03 3.467112302172208729e+03 3.319341443203059953e+03 5.138821864915286824e+03 8.004661634118211623e+03 9.169153588598297574e+03 8.187453842329457984e+03 8.258308704847233457e+03 1.148677188840650160e+04 1.580789660290436223e+04 1.727827676558467283e+04 1.591649774345373771e+04 1.706787921002499206e+04 2.292332314028969995e+04 2.887221642932587565e+04 2.959342751062138268e+04 2.695421421051315338e+04 2.867510931875279130e+04 3.593452975147485267e+04 4.133443148944934364e+04 4.066851163731334964e+04 3.794971181270109082e+04 4.095820088703256624e+04 4.985381796385870985e+04 5.506826962569185707e+04 4.964380300307851576e+04 5.629481623321324878e+04 6.492162000726145925e+04 7.487156772441795329e+04 8.634427583695255453e+04 9.957111586907731544e+04 1.148018726567073027e+05 1.322777906664897164e+05 1.523948339649208938e+05 1.755642731899089704e+05 2.022410320677539275e+05 2.329555032900799997e+05 2.683418380939413910e+05 3.108895631799049443e+05 3.614332514182511368e+05 4.201410576927181100e+05 4.883210075371718849e+05 5.674722922227907693e+05 6.581820198976880638e+05 7.550171167446055915e+05 8.637780461821781937e+05 9.878808196729233023e+05 1.129394242115833098e+06 1.291121707363514230e+06 1.477792520297310781e+06 1.690931189410432708e+06 1.933506310066805454e+06 2.209167103936663829e+06 2.521850487066632137e+06 2.878465072387912311e+06 3.299743985142420046e+06 3.781817479530409910e+06 4.327248921554992907e+06 4.942047090582693927e+06 5.631862736544746906e+06 6.401651559702454135e+06 7.244233650330622680e+06 8.145646622263896279e+06 9.121301404680531472e+06 1.016615877679673024e+07 1.126889428737128340e+07 1.241250975438632444e+07 1.358422154608033970e+07 1.474106981231609359e+07 1.582967021960642561e+07 1.678852725556758791e+07 1.754313404423192888e+07 1.795815882386673614e+07 1.781472706615174934e+07 1.719059597946817055e+07 1.605433965661866032e+07 1.438678169779731333e+07 1.229804195795341767e+07 9.879547089194867760e+06 7.181986712972288020e+06 4.487721907171573490e+06 2.165574611581275705e+06 6.106203679694187595e+05 1.394489513440434821e+05 8.488284959690829273e+05 2.484890612132554408e+06 4.399805885499665514e+06 5.694778544730780646e+06 5.600667312255727127e+06 3.995462665553937666e+06 1.729913403097078903e+06 3.099411365906316205e+05 7.836964891686225310e+05 2.538129844793411903e+06 3.484644365206762217e+06 2.306857466490733437e+06 5.449378289153015940e+05 7.803292851996019017e+05 2.238471769506845623e+06 1.784823196951667545e+06 4.367635821673151222e+05 1.235117477081812918e+06 1.532457391305276891e+06 4.754547638109231484e+05 1.196515157299729064e+06 7.867187651391245890e+05
6.724309083488019212e+01 3.071608677629407111e+02 8.212478516767192787e+02 1.164862948190123689e+03 1.009046477851288159e+03 8.343477864065464473e+02 1.711649733907276868e+03 3.637750301360368667e+03 4.828751471048704843e+03 4.283181779312664730e+03 4.100608023927637078e+03 6.348337624391695499e+03 9.888693499620867442e+03 1.132721326383124506e+04 1.011437810594288385e+04 1.020183881996530181e+04 1.419010702511965974e+04 1.952814477658554824e+04 2.134440537423970818e+04 1.966193233262888316e+04 2.108411277101705127e+04 2.831740124664294854e+04 3.566604571418297564e+04 3.655657030348409171e+04 3.329588745539961383e+04 3.542144513915842981e+04 4.438879850665036793e+04 5.105888666314709553e+04 5.023559134770340461e+04 4.687642376572563080e+04 5.059235576069454692e+04 6.158040073002020654e+04 6.802092255055667192e+04 6.131966665839641064e+04 6.953318581120829913e+04 8.018632598839100683e+04 9.247261697879013082e+04 1.066381815239991702e+05 1.229682117181314097e+05 1.417704415445990744e+05 1.633418049721679417e+05 1.881699474791316607e+05 2.167609386669701489e+05 2.496741278809038049e+05 2.875612083359044627e+05 3.312008641207687906e+05 3.836599387260635849e+05 4.459600215976137551e+05 5.182975409580350970e+05 6.022718118904415751e+05 6.997126937638917007e+05 8.113190284395846538e+05 9.303638324303182308e+05 1.063959299633588176e+06 1.216261990717992652e+06 1.389749386300377082e+06 1.587779050997512881e+06 1.816043368054025341e+06 2.076250772657771362e+06 2.371832697731424123e+06 2.706986101679206826e+06 3.086169017851690296e+06 3.517350718456957489e+06 4.025190296161405742e+06 4.604039132070252672e+06 5.255857038067914546e+06 5.986452738732810132e+06 6.800743881109838374e+06 7.702233553666683845e+06 8.679180271504148841e+06 9.711094976564552635e+06 1.081177113362153247e+07 1.196934103422461078e+07 1.316330648016114905e+07 1.436528400108406879e+07 1.555040922459045984e+07 1.665800636027794704e+07 1.761569616429357976e+07 1.834346204507789388e+07 1.875035031019608676e+07 1.868879340755445510e+07 1.794348288981901109e+07 1.662587948431576230e+07 1.474963064247469977e+07 1.236596923839522153e+07 9.664679368223756552e+06 6.841302058955570683e+06 4.097731253255102783e+06 1.826516679961258080e+06 4.301958032295860467e+05 2.014317919155578129e+05 1.174179062624667305e+06 2.998190563544963486e+06 4.927071512926598080e+06 6.017471430399141274e+06 5.569300397222124040e+06 3.655962236536937766e+06 1.358440734169400297e+06 2.536605332623567956e+05 1.144828270116902655e+06 2.983554748516859021e+06 3.530248157488789409e+06 1.952426513137298170e+06 3.985906778181659756e+05 1.136777156200469006e+06 2.447281365123004653e+06 1.487325793793187942e+06 4.384484643447232665e+05 1.545292677328754915e+06 1.329946075624529971e+06 5.182675396440482000e+05 1.340356919699623249e+06 6.300424233493952779e+05 9.412135740697009023e+05
7.477909369917628624e+01 3.415845642719265243e+02 9.132848993334542911e+02 1.295407214889937222e+03 1.122125943753913816e+03 9.278464314711161478e+02 1.903461136810144353e+03 4.045400954735095638e+03 5.369849061760730365e+03 4.763117304065821372e+03 4.560059418500600259e+03 7.059637445695018869e+03 1.099665815938208470e+04 1.259628674798296925e+04 1.124746725328946013e+04 1.134463940760114383e+04 1.577968309212671556e+04 2.171564479091298563e+04 2.373516016536115421e+04 2.186395835380152494e+04 2.344523973221758206e+04 3.148855968165168815e+04 3.966005123494483996e+04 4.064981387323194940e+04 3.702343793837672274e+04 3.938668131627077673e+04 4.935790981651174661e+04 5.677438332973278739e+04 5.585805052350751066e+04 5.212194953566213371e+04 5.625341600460329937e+04 6.847098446869108011e+04 7.563159139939093438e+04 6.817944130079272145e+04 7.730961446714084013e+04 8.915126053669556859e+04 1.028072868546931277e+05 1.185508025211898203e+05 1.366981657566419453e+05 1.575905484152602730e+05 1.815568037383433839e+05 2.091373402465220133e+05 2.408924553343231673e+05 2.774408953751726658e+05 3.195030003635347239e+05 3.679388617118792026e+05 4.261482712211376056e+05 4.952556550359589164e+05 5.754654994582807412e+05 6.685358628592120949e+05 7.764742682140573161e+05 9.000252815749977017e+05 1.031689674724190263e+06 1.179310677549787797e+06 1.347432603201685939e+06 1.538714564849004848e+06 1.756760947392134462e+06 2.007718425033545122e+06 2.293273678348080721e+06 2.616955733881146647e+06 2.983054407461180352e+06 3.396037146181764547e+06 3.864084735497305635e+06 4.413469436746111140e+06 5.036878302509177476e+06 5.735062938728569075e+06 6.512585533361895941e+06 7.372512959965856746e+06 8.315726964003490284e+06 9.325942186639767140e+06 1.037682984334382974e+07 1.147796538189106807e+07 1.261020440842493065e+07 1.374418243860955164e+07 1.484130603347817436e+07 1.586573291977756098e+07 1.674462342382209376e+07 1.739491313345090300e+07 1.772957548488032073e+07 1.765737385508480668e+07 1.704650269690851495e+07 1.572837376050313376e+07 1.385492255796936713e+07 1.150690088341293857e+07 8.823009444379821420e+06 6.066645531294425949e+06 3.516667944885470904e+06 1.468348932384149404e+06 2.937761549911810434e+05 2.442372137555667723e+05 1.307447572804906871e+06 3.097485085860945750e+06 4.865752878613930196e+06 5.721889349665864371e+06 5.075979477160886861e+06 3.128950134294404648e+06 1.020219001754069934e+06 2.275511321213021874e+05 1.309003825061447686e+06 3.019346007393998094e+06 3.239534539553889539e+06 1.555887603539392352e+06 3.075719404638310662e+05 1.297008749266002327e+06 2.348756153458823450e+06 1.160702262530653272e+06 4.476288984933545580e+05 1.606836623893508455e+06 1.066201793508392293e+06 5.456872845514377113e+05 1.293217453876250889e+06 4.950470928404093720e+05 9.781110250777661568e+05 5.346863306885838974e+05
9.076571749149296409e+01 4.146098996197442830e+02 1.108529654116623988e+03 1.572340780634852081e+03 1.362011242494279031e+03 1.126194553791304770e+03 2.310369795523601624e+03 4.910192650480732482e+03 6.517743327357756243e+03 5.781272734971380487e+03 5.534770272364050470e+03 8.568635406415376565e+03 1.334717304740956206e+04 1.528861838903266107e+04 1.365135215766225519e+04 1.376916439602441642e+04 1.915206531509980414e+04 2.635657742311744369e+04 2.880739672090703971e+04 2.653590554587319639e+04 2.845481964089131725e+04 3.821677376075188658e+04 4.813413408069969591e+04 4.933465767335703276e+04 4.493262582301224029e+04 4.780031291438375774e+04 5.990160020735768921e+04 6.890191640268883202e+04 6.778854567694253637e+04 6.325303069441458501e+04 6.826638817122350156e+04 8.309304522182149231e+04 9.178194686659422587e+04 8.273682292988285189e+04 9.381319633674775832e+04 1.081784060673208733e+05 1.247432190677260951e+05 1.438382477443744428e+05 1.658463056360144983e+05 1.911799483123574755e+05 2.202363236224696157e+05 2.536685793154683779e+05 2.921531174824475311e+05 3.364361005111270351e+05 3.873853807533973595e+05 4.460362675876956200e+05 5.164994871255891630e+05 6.001226506296654698e+05 6.971333808918532450e+05 8.096353722002173308e+05 9.400249485744677950e+05 1.089157902563785668e+06 1.247905014711011434e+06 1.425689230043089716e+06 1.627911854371516267e+06 1.857659954399476526e+06 2.119119325890558772e+06 2.419482762942881323e+06 2.760487726654178463e+06 3.146001820519841276e+06 3.580686758365449496e+06 4.069260076888506301e+06 4.620674587469445542e+06 5.265170080393471755e+06 5.992417786089009605e+06 6.801329765519770794e+06 7.694806810903402977e+06 8.673273827173728496e+06 9.733723890882886946e+06 1.085215664350929670e+07 1.199214102612354420e+07 1.315796189091887325e+07 1.431925606555805728e+07 1.543302198459996842e+07 1.644530368556032702e+07 1.730510750194847956e+07 1.792205385647388175e+07 1.819913216989819705e+07 1.804293264930537343e+07 1.736791753460240364e+07 1.606965014064317569e+07 1.404537340152873658e+07 1.152425389750641212e+07 8.687812366581460461e+06 5.790506167826647870e+06 3.185260092932555825e+06 1.218979441484912066e+06 2.052465377879362204e+05 3.639057786726352642e+05 1.622022227918244433e+06 3.513850709377245512e+06 5.224575535822895356e+06 5.859002154092160985e+06 4.922205843503767624e+06 2.793983560557858087e+06 7.700353972342214547e+05 2.996250338728333591e+05 1.661231987607958959e+06 3.289369546842309646e+06 3.117270189519886859e+06 1.248507870610016165e+06 3.349731002058201702e+05 1.622265053828018019e+06 2.344248175511106849e+06 9.008352712776282569e+05 6.088564258222338976e+05 1.740721236251036404e+06 8.472929841160246870e+05 7.214592398562466260e+05 1.247466350303217070e+06 4.837524730775828357e+05 1.033325844689774676e+06 5.035155144237548811e+05 8.159955913516503060e+05
1.089836334359709582e+02 4.978274636924095944e+02 1.331024479070797270e+03 1.887924501833744671e+03 1.635374216660061848e+03 1.352221432345407493e+03 2.774061471861310565e+03 5.895660983148742162e+03 7.825807189908756300e+03 6.941476471778199993e+03 6.645450122943196220e+03 1.028813520952353429e+04 1.602556958745189149e+04 1.835646639527579828e+04 1.639045279195743205e+04 1.653172417702955863e+04 2.299464465110810488e+04 3.164454635712950767e+04 3.458666594360233285e+04 3.185889841094399526e+04 3.416237530178747693e+04 4.588242049433628563e+04 5.778883088721232343e+04 5.922914677867380669e+04 5.394301799701530399e+04 5.738519492862006882e+04 7.191308365602056438e+04 8.271752607411923236e+04 8.137909088117726787e+04 7.593226651190024859e+04 8.194997887465187523e+04 9.974857187665240781e+04 1.101779082413912984e+05 9.931755932898362516e+04 1.126091462048529938e+05 1.298464537091861421e+05 1.497211274780261447e+05 1.726289028706969693e+05 1.990277828845242620e+05 2.294109561930657364e+05 2.642524748299588682e+05 3.043326800021814415e+05 3.504585971865404281e+05 4.035193615813792567e+05 4.645479596926418017e+05 5.347754194697535131e+05 6.191153654790318105e+05 7.191619083027255256e+05 8.351596899579766905e+05 9.695925785689603072e+05 1.125281699699510587e+06 1.303188011040106881e+06 1.492313104985983577e+06 1.703836594241404906e+06 1.944085409853045363e+06 2.216572245711095631e+06 2.526062449436836876e+06 2.880823993643925525e+06 3.282519074945836328e+06 3.735224206584387925e+06 4.243796042974138632e+06 4.812946087472674437e+06 5.452109130628040060e+06 6.195374040145831183e+06 7.028425915684138425e+06 7.947341256706511602e+06 8.952188001058645546e+06 1.003927053146083653e+07 1.119987750881149992e+07 1.240011554208166152e+07 1.359116803196105361e+07 1.476973060199107230e+07 1.589188297706105933e+07 1.689916207555500418e+07 1.772154110041866452e+07 1.829375829577964544e+07 1.851246444408863038e+07 1.827603373204386607e+07 1.750007283130717278e+07 1.612745810230997577e+07 1.411382104637640156e+07 1.146297466911653429e+07 8.502280761701108888e+06 5.528379328723140992e+06 2.898648145494310651e+06 1.002797470526494435e+06 1.520277207372723788e+05 5.029699935135032865e+05 1.923135972103282809e+06 3.876797658261667937e+06 5.498281547154483385e+06 5.906758702119244263e+06 4.712926761185048148e+06 2.463864211505578365e+06 5.733136009324403713e+05 4.173606227306719520e+05 1.989405301647615386e+06 3.469386823452178389e+06 2.931136676350894850e+06 9.797170224578001071e+05 4.272897953370601172e+05 1.900203787770003779e+06 2.252533000265802257e+06 6.894566627451215172e+05 8.084878468187216204e+05 1.778174301191168372e+06 6.667348291241736151e+05 9.100611611953799147e+05 1.135599992555055534e+06 5.383696705962021369e+05 1.014614869796976447e+06 5.277576171663713176e+05 7.796146629470607731e+05 5.824212203334819060e+05
1.296544295954770973e+02 5.922494037947737979e+02 1.583475291495290321e+03 2.245995898974081683e+03 1.945538127322342461e+03 1.608673890799526134e+03 3.300171429014072146e+03 7.013781126943531490e+03 9.309930234649145859e+03 8.257813508298277156e+03 7.905574387473845491e+03 1.223899953757938420e+04 1.906434018033492612e+04 2.183702628182361150e+04 1.949794697250485478e+04 1.966575347053906080e+04 2.735393129233032232e+04 3.764354305654528434e+04 4.114284212598328304e+04 3.789720729318274971e+04 4.063676515112145717e+04 5.457798283677511790e+04 6.874059031597933790e+04 7.045246915908399387e+04 6.416296577519942366e+04 6.825650039917028334e+04 8.553670076767486171e+04 9.838713895792282710e+04 9.679263338459648367e+04 9.031137298323665163e+04 9.746783311320396024e+04 1.186367547241297143e+05 1.310392974622726906e+05 1.181194325066885649e+05 1.339209833401295764e+05 1.544121609655799693e+05 1.780357687827835616e+05 2.052608905182892922e+05 2.366301192542032804e+05 2.727271800252913963e+05 3.141121520606664708e+05 3.617079858715269365e+05 4.164676682084525819e+05 4.794395881626607734e+05 5.518401472912922036e+05 6.351171780358025571e+05 7.350856343764779158e+05 8.536088974713217467e+05 9.909385159278981155e+05 1.149971544550819788e+06 1.333986917021611473e+06 1.544036405952729750e+06 1.766985557106013177e+06 2.015949783685720060e+06 2.298239341746257618e+06 2.617768752405594103e+06 2.979852832481150981e+06 3.393827625676794443e+06 3.861098556804613676e+06 4.385752719772065990e+06 4.972577234576848336e+06 5.625910621063954197e+06 6.355237997486637905e+06 7.198175583478486165e+06 8.135230469320982695e+06 9.158392696362473071e+06 1.026343720152693987e+07 1.144076852049850300e+07 1.267387582441457734e+07 1.391667808080749772e+07 1.510582428866061568e+07 1.622833229484983347e+07 1.722519246861933544e+07 1.802220939255844429e+07 1.853514463708658144e+07 1.868910217645726725e+07 1.837784889120408148e+07 1.751147609456847981e+07 1.603788828833282366e+07 1.395844474105847441e+07 1.132505677128140070e+07 8.281891382264772430e+06 5.257258183139871806e+06 2.641737115895329043e+06 8.282019830718010198e+05 1.277473339951122471e+05 6.515807174846648704e+05 2.201803646637328900e+06 4.182163556334170513e+06 5.693429772007421590e+06 5.881847216029278934e+06 4.468630382074622437e+06 2.151831707649878226e+06 4.268966100661087548e+05 5.637787186440530932e+05 2.280410169561006129e+06 3.568866514239857439e+06 2.707173295567321591e+06 7.585774498156133341e+05 5.620480781216305913e+05 2.118883384701962117e+06 2.102201258547100704e+06 5.356530069337690948e+05 1.015210932915922836e+06 1.737883106671410846e+06 5.394900303224350791e+05 1.079695631616753293e+06 9.931529046143306186e+05 6.317440760235257912e+05 9.452009045408393722e+05 5.870537264341281261e+05 7.151709630740794819e+05 6.372336670601662481e+05 5.176878924088109052e+05
1.530208236715239138e+02 6.989843702134927526e+02 1.868845951719349159e+03 2.650758179551475678e+03 2.296142708571176172e+03 1.898560092902262795e+03 3.894871129297057450e+03 8.277667392692459543e+03 1.098751214497115507e+04 9.745705354474501291e+03 9.329895107099291636e+03 1.444406771989717890e+04 2.249905461554071735e+04 2.577101112542174087e+04 2.301014229616710145e+04 2.320783431228699192e+04 3.228081461935367042e+04 4.442358079109912069e+04 4.855235956888778310e+04 4.472111492730256577e+04 4.795327563295209256e+04 6.440457744231742981e+04 8.111672429835537332e+04 8.313489388644548308e+04 7.571084792632507742e+04 8.054003974305701558e+04 1.009301257484502712e+05 1.160919860646521702e+05 1.142070816599756217e+05 1.065559205811002321e+05 1.149985176912455645e+05 1.399749478841319215e+05 1.546059362713908195e+05 1.393581323706647381e+05 1.579922945633793715e+05 1.821551087406213628e+05 2.100077958572232164e+05 2.421016318735028035e+05 2.790738707345817238e+05 3.216093145930609317e+05 3.703636539826479857e+05 4.264187776984594529e+05 4.908896854286316084e+05 5.650008536884363275e+05 6.501707831868330250e+05 7.480854163446936291e+05 8.655657746960076038e+05 1.004765865723828552e+06 1.165928696028001374e+06 1.352394453427988570e+06 1.567927778280312894e+06 1.813645736693970393e+06 2.073979770077650202e+06 2.364158491250763647e+06 2.692516627521839924e+06 3.063317955803941004e+06 3.482359071512356400e+06 3.959988329635051545e+06 4.497103158027824946e+06 5.097516873217754997e+06 5.765574603938174434e+06 6.504741099971309304e+06 7.323951209937659092e+06 8.263779604620210826e+06 9.298126489572122693e+06 1.041338216342568770e+07 1.159929248369431123e+07 1.283833682203871571e+07 1.410395335265215114e+07 1.533570871103272773e+07 1.645410462402747571e+07 1.743514017166076601e+07 1.820480257601598650e+07 1.867553632131210342e+07 1.875466006505057961e+07 1.836751365121483803e+07 1.742188591852027178e+07 1.586340350156319141e+07 1.370209857923952676e+07 1.103065666755786911e+07 8.027006632553294301e+06 4.985579435868929140e+06 2.401592076478556264e+06 6.831746465508877300e+05 1.269308838869431056e+05 8.017206572432084940e+05 2.452240059209500439e+06 4.430621804279362783e+06 5.817254782471851446e+06 5.799537135999882594e+06 4.205409498955983669e+06 1.865557980559394462e+06 3.246448104853861732e+05 7.244156932206175989e+05 2.527393063450410031e+06 3.600272085185016040e+06 2.465905782507698052e+06 5.863070517387490254e+05 7.193041227879046928e+05 2.275936637291708961e+06 1.918318375971251400e+06 4.377822767165988917e+05 1.206886928174466593e+06 1.642427772200943204e+06 4.663192100787164527e+05 1.212407809585974785e+06 8.476380625544603681e+05 7.381858914776761085e+05 8.499632496602758765e+05 6.594878012866179924e+05 6.436968389240587130e+05 6.767633199275450315e+05 5.056836137305242009e+05 5.480619976026980439e+05
1.910784002127892620e+02 8.728268803781569432e+02 2.333637569451386298e+03 3.310005674695697962e+03 2.867180780537990358e+03 2.370703219260830792e+03 4.863470028713161810e+03 1.033618148890618977e+04 1.371981113898807598e+04 1.216904096429888523e+04 1.164967958274457851e+04 1.803545299160827926e+04 2.809315268380498310e+04 3.217823553386848653e+04 2.873035621821997847e+04 2.897668092688666729e+04 4.030504047742205148e+04 5.546594771044658410e+04 6.061983990827181697e+04 5.583471284728001046e+04 5.986905674503899354e+04 8.040832198378712928e+04 1.012726410805778432e+05 1.037894094647468446e+05 9.451737378343871387e+04 1.005445042385881243e+05 1.259992355169277580e+05 1.449252433877203148e+05 1.425669944790417212e+05 1.330101598880457750e+05 1.435470974739344674e+05 1.747240302480282844e+05 1.929837507555803168e+05 1.739444199082926498e+05 1.971903359382346680e+05 2.273307196359831432e+05 2.620680596905903949e+05 3.020872248201089096e+05 3.481792791797936661e+05 4.011931703821304836e+05 4.619396942992300610e+05 5.317587502838142682e+05 6.120280922463444294e+05 7.042575255675131921e+05 8.101927731622894062e+05 9.319050284304693341e+05 1.077849198890822940e+06 1.250647663455755683e+06 1.450523714236669708e+06 1.681530855941980379e+06 1.948213812395696295e+06 2.251783489688723348e+06 2.572701730129702948e+06 2.929614465197459795e+06 3.332498097991717048e+06 3.786154826988836285e+06 4.297127644974185154e+06 4.877362617571558803e+06 5.526881289531826042e+06 6.248994723123269156e+06 7.047269189700988121e+06 7.923693445343464613e+06 8.886257845371600240e+06 9.980266940474105999e+06 1.116898112177268043e+07 1.242990591490962356e+07 1.374341795567932166e+07 1.507990888423491456e+07 1.639782931802182272e+07 1.761562187348800153e+07 1.863084382356731594e+07 1.940624507280202955e+07 1.985008022219926864e+07 1.986197901929163188e+07 1.934678267780621722e+07 1.824371260776998475e+07 1.649698309250346385e+07 1.412064942349445261e+07 1.122796652220543101e+07 8.045306948950631544e+06 4.906295309118892998e+06 2.247352930520685855e+06 5.685076519903058652e+05 1.681161951079816208e+05 1.062918007352804299e+06 2.900347427660500631e+06 4.958268680811130442e+06 6.245524404606027529e+06 5.969677760912270285e+06 4.093343504121101461e+06 1.642766964916173602e+06 2.754417541412625578e+05 1.001225564498301945e+06 2.943311867412122898e+06 3.766796958318552934e+06 2.284286330202587880e+06 4.744474674796225736e+05 9.962832709315639222e+05 2.524564300019750837e+06 1.761094143390509067e+06 4.270773384624969331e+05 1.489708979280414525e+06 1.551506453592041740e+06 4.892681060936201247e+05 1.381598815960207023e+06 7.378191058060020441e+05 9.119685044070262229e+05 7.705190454280313570e+05 7.845623782735129353e+05 6.107103196420155000e+05 7.263544631144520827e+05 5.485520410858874675e+05 5.519132211857328657e+05 5.321827776896465803e+05
2.217693768712501026e+02 1.013019082552765440e+03 2.708457856011577860e+03 3.841633890693489320e+03 3.327664812315982090e+03 2.751426394725226601e+03 5.644523726541877295e+03 1.199609955190181427e+04 1.592297617988244201e+04 1.412297041754861493e+04 1.352001183704843243e+04 2.093102549360051489e+04 3.260336546411374002e+04 3.734375986125248892e+04 3.334161300804673374e+04 3.362680221048041858e+04 4.677321839807966899e+04 6.436682311349715746e+04 7.034624377313043806e+04 6.479119662066733144e+04 6.947133424850086158e+04 9.330488174536773295e+04 1.175148222292327846e+05 1.204314668464249407e+05 1.096681092917653732e+05 1.166592309275129082e+05 1.461939356698408374e+05 1.681510216620826395e+05 1.654080351124033041e+05 1.543125675061212387e+05 1.665348745261625736e+05 2.027045930734805879e+05 2.238839478042886185e+05 2.017874826077329344e+05 2.287374328055954538e+05 2.636771986090724822e+05 3.039383991806819686e+05 3.503113154163312865e+05 4.037079591453669127e+05 4.651055791001438047e+05 5.354347990048977081e+05 6.162362979675017996e+05 7.090901454591891961e+05 8.157236208309971262e+05 9.381295467175366357e+05 1.078667477833308978e+06 1.247068925061077345e+06 1.446289995674741920e+06 1.676485942976420280e+06 1.942209249915036839e+06 2.248532600767518394e+06 2.596624205690140370e+06 2.963684391043099109e+06 3.370877803735751659e+06 3.829231143292881548e+06 4.343653055091628805e+06 4.920855455396721140e+06 5.573469229787250049e+06 6.300144102756147273e+06 7.102919672969268635e+06 7.983644018484646454e+06 8.941777923913318664e+06 9.982773217176711187e+06 1.115272720109976456e+07 1.240427053871405311e+07 1.370513363472641073e+07 1.502512691292852722e+07 1.632191949850237928e+07 1.753933482565753534e+07 1.857866186103471369e+07 1.932185211438122764e+07 1.972327853674393147e+07 1.968584890823160857e+07 1.911457733553269133e+07 1.793612468087540567e+07 1.613196751948795840e+07 1.371815132301686332e+07 1.081009975313229673e+07 7.644162230232718401e+06 4.572754569468512200e+06 2.029947729945008876e+06 4.657181589181092568e+05 2.013565702147157572e+05 1.221683647604226368e+06 3.106934828540157992e+06 5.087058405715326779e+06 6.230529935314547271e+06 5.780413687961926684e+06 3.800955317663985305e+06 1.407052845909411786e+06 2.429365717501509353e+05 1.162318853575096233e+06 3.088733367773723323e+06 3.679306294190353714e+06 2.034758984933513682e+06 3.898908026334215538e+05 1.156814696011612192e+06 2.557360773671448696e+06 1.552985649474513950e+06 4.217441969117956469e+05 1.609947750679870602e+06 1.395610350148258731e+06 5.039237051851635915e+05 1.415832515730545623e+06 6.328856940749988426e+05 9.864186693798654014e+05 6.785073336103002075e+05 8.305592257893572096e+05 5.637409581260292325e+05 7.188868502905620262e+05 5.551658974801644217e+05 5.274669345918295439e+05 5.221375894626968657e+05 4.739244342648781021e+05
2.561089957441525939e+02 1.169877375614277071e+03 3.127834916391655952e+03 4.436454629208217739e+03 3.842876829791787713e+03 3.177389022269834641e+03 6.518387885164494946e+03 1.385324939835792429e+04 1.838786886277861049e+04 1.630894058934769964e+04 1.561237960299375118e+04 2.417035092538834215e+04 3.764897356380162091e+04 4.312227077524563356e+04 3.849978622659271059e+04 3.882819641025614692e+04 5.400823936309477722e+04 7.432282702961598989e+04 8.122505512569905841e+04 7.480805489362262597e+04 8.020993076665734407e+04 1.077276127370125323e+05 1.356788020469167968e+05 1.390412168077107635e+05 1.266084732824034581e+05 1.346766500786478282e+05 1.687731438166506414e+05 1.941183326868597069e+05 1.909426282137132948e+05 1.781242507836614095e+05 1.922296275595216430e+05 2.339800996520655171e+05 2.584212007893915288e+05 2.329045246318693680e+05 2.639876768763880827e+05 3.042816874748165137e+05 3.507025281848590239e+05 4.041567055163727491e+05 4.656892725815048325e+05 5.364180247983274749e+05 6.174037836030469043e+05 7.104065070083480095e+05 8.172255870857615955e+05 9.398223639015700901e+05 1.080453843256336171e+06 1.241785917573004961e+06 1.434948473471775651e+06 1.663239068792141974e+06 1.926699191393325804e+06 2.230384704552523326e+06 2.579886599021283444e+06 2.976241406858818606e+06 3.392960412526878063e+06 3.853859515998230781e+06 4.370951135245069861e+06 4.949040172798457555e+06 5.594737331208204851e+06 6.321040096444526687e+06 7.124639769201817922e+06 8.005616149939822033e+06 8.963243682209059596e+06 9.993395225596349686e+06 1.109771586113530211e+07 1.232152515239270218e+07 1.360478914948886074e+07 1.490345653608921170e+07 1.617484573700286448e+07 1.736236099293136969e+07 1.839454112825178355e+07 1.915708406607073918e+07 1.952106111889149621e+07 1.943920160480038449e+07 1.882144735908031836e+07 1.759655212898820639e+07 1.573733668250266090e+07 1.329569497654173896e+07 1.038917535892029852e+07 7.255388940146706998e+06 4.251939416651410051e+06 1.815842951828813646e+06 3.810467324907222064e+05 2.425505671774168150e+05 1.370595614155211719e+06 3.306321469889258500e+06 5.214160847678968683e+06 6.174755347295301035e+06 5.572179071720462292e+06 3.520523790022319648e+06 1.202724563965464476e+06 2.324537916691005230e+05 1.309573722054668004e+06 3.191015476063853595e+06 3.562751646073530428e+06 1.803147588455633493e+06 3.375021615975864115e+05 1.301948703531141160e+06 2.548981202417778783e+06 1.357751748002927518e+06 4.428913224901054054e+05 1.693849724097820465e+06 1.239337153208911885e+06 5.412173289475621423e+05 1.414370459454730852e+06 5.542271584220282966e+05 1.037471453673703596e+06 6.018836970280294772e+05 8.579234190752112772e+05 5.321433259513769299e+05 6.965451261596373515e+05 5.642606595370958094e+05 5.060397289564546081e+05 5.072981644860459492e+05 4.678240140435628709e+05 4.279456589651567629e+05
3.145211067944758838e+02 1.436695244636469852e+03 3.841200395056849175e+03 5.448251902691067698e+03 4.719258648530196297e+03 3.901956494179999481e+03 8.004841176569045274e+03 1.701228321649884310e+04 2.258068005187686867e+04 2.002730079237308382e+04 1.917152052388605807e+04 2.968047969343042860e+04 4.623160906440832332e+04 5.295158081412749743e+04 4.727389319393766345e+04 4.767582118113830074e+04 6.631508438759906858e+04 9.125809130408367491e+04 9.973002086150072864e+04 9.184682532196149987e+04 9.847638211765792221e+04 1.322608110790013452e+05 1.665758977382552112e+05 1.706965645092263876e+05 1.554241726597875240e+05 1.653244261197889282e+05 2.071805611459968786e+05 2.382889374164214241e+05 2.343771663079556602e+05 2.186280961535075621e+05 2.359365867203738017e+05 2.871799625683376798e+05 3.171693136740764021e+05 2.858348258267121273e+05 3.239485729974698042e+05 3.733501834542339202e+05 4.302486158311689505e+05 4.957480882070189109e+05 5.711199771276798565e+05 6.577211817597949412e+05 7.568340452594779199e+05 8.705916103335123044e+05 1.001166483892634860e+06 1.150918378444708884e+06 1.322554049597993027e+06 1.519261062089277199e+06 1.754548975089922547e+06 2.032297726693302393e+06 2.352357697920607403e+06 2.720644839045155328e+06 3.143637777019365225e+06 3.622158033245453145e+06 4.123453071293401532e+06 4.675869254578995518e+06 5.293126616722198203e+06 5.979899797490132973e+06 6.742697703762397170e+06 7.595250464379866607e+06 8.531076271682644263e+06 9.547158398474510759e+06 1.063874561701503955e+07 1.179612558873363025e+07 1.301524562197786756e+07 1.434137176227557100e+07 1.569455501742517017e+07 1.701305146414028108e+07 1.823625157377287000e+07 1.928784289521735534e+07 2.007643500396019220e+07 2.046850892409490794e+07 2.032500218194470182e+07 1.960681257333364710e+07 1.824629246920637786e+07 1.622054550726870261e+07 1.358235976662318967e+07 1.049373881484636106e+07 7.211200842951250263e+06 4.115206262177650817e+06 1.667702663681910373e+06 3.141384095572688384e+05 3.372393884584965417e+05 1.667377273094160017e+06 3.768887438639258035e+06 5.721156094774476252e+06 6.520368316940938123e+06 5.628331871226660907e+06 3.376370992523898371e+06 1.043059992974082590e+06 2.763581183475208236e+05 1.599608458296397235e+06 3.492476179172123782e+06 3.590868113054738380e+06 1.624797075387998950e+06 3.472292406413050485e+05 1.578270752967766486e+06 2.639388224381008185e+06 1.199108270533499308e+06 5.561599559209499275e+05 1.860105548889711034e+06 1.110073464246558491e+06 6.737267163538273890e+05 1.439822573667021468e+06 5.428282086916747503e+05 1.124200014017816400e+06 5.814278069626919460e+05 9.070353567557897186e+05 5.632803697300495114e+05 6.889594525619030464e+05 6.084784991064551286e+05 5.250996989980146755e+05 5.185326103954496793e+05 4.860311802675096551e+05 4.471223213451242191e+05 4.174264607074836385e+05
3.690760905411842714e+02 1.685893085188766008e+03 4.507450902186066742e+03 6.393209418164356975e+03 5.537722331919578210e+03 4.578611476757376295e+03 9.393006980969310462e+03 1.996239943474894972e+04 2.649604625897011647e+04 2.349937271945381144e+04 2.249468415716820891e+04 3.482529715214359021e+04 5.424510313618423970e+04 6.212847536593693076e+04 5.546472648186744482e+04 5.593451824254992243e+04 7.780286294165707659e+04 1.070658684937127400e+05 1.170012341265014402e+05 1.077471387619095913e+05 1.155207960420389136e+05 1.551527587111345492e+05 1.954051202277717239e+05 2.002289876537396631e+05 1.823021241807537735e+05 1.939088174797486281e+05 2.430024323971833510e+05 2.794833805310211610e+05 2.748773611515111988e+05 2.563870081926955900e+05 2.766790411273556529e+05 3.367715437847728026e+05 3.719276871943059959e+05 3.351606682247816934e+05 3.798069181951515493e+05 4.376672005880611832e+05 5.042880744128363440e+05 5.809532260870232712e+05 6.691385162076863926e+05 7.704150919237519847e+05 8.862605160837121075e+05 1.019140116330785444e+06 1.171553890026170062e+06 1.346205792006318225e+06 1.546185776294963434e+06 1.775119833300070371e+06 2.048650230447042035e+06 2.371105556328767911e+06 2.742045960092566907e+06 3.168027898429062683e+06 3.656145145624286495e+06 4.206772317163940519e+06 4.781195891739832237e+06 5.411506211212476715e+06 6.112471075320528820e+06 6.888007754669952206e+06 7.743709958678227849e+06 8.692871609024288133e+06 9.724891993944860995e+06 1.083242226675508916e+07 1.200524959470405616e+07 1.322653079696548544e+07 1.448452440663839877e+07 1.582029443949962035e+07 1.713400556357461587e+07 1.834624393636905029e+07 1.937944378382636979e+07 2.014094896722915024e+07 2.052635812385115027e+07 2.039681466613630205e+07 1.962385911813369393e+07 1.819770843051666021e+07 1.610371769104160741e+07 1.340166716163777187e+07 1.025575602595846169e+07 6.955097329720124602e+06 3.884449794745127205e+06 1.506106953631798737e+06 2.596466822225688375e+05 4.085727865541406209e+05 1.863639579340479570e+06 4.035349520601077471e+06 5.961775761832010932e+06 6.636256727895291522e+06 5.541344602617893368e+06 3.158472976465032436e+06 8.951219765912831062e+05 3.151520877082723891e+05 1.780385325648140162e+06 3.608608577236895449e+06 3.487920222888455726e+06 1.439246555539631285e+06 3.610599196156789549e+05 1.744256148258556845e+06 2.610319744195337407e+06 1.044017411713521229e+06 6.422317322484409669e+05 1.915485327021257486e+06 9.781671520210377639e+05 7.663519688991920557e+05 1.399302699466380524e+06 5.329722902162801474e+05 1.143225709182579769e+06 5.595962951683338033e+05 9.070768956684146542e+05 5.769045459493467351e+05 6.603499197317209328e+05 6.219348779961790424e+05 5.249370687417938607e+05 5.108208189724388649e+05 4.843589126272692229e+05 4.473015074725822778e+05 4.163831009669314371e+05 3.887257959309766302e+05
4.325348644513393879e+02 1.975760848962459931e+03 5.282430582090062671e+03 7.492367366034430233e+03 6.489724262378051208e+03 5.365644011905636944e+03 1.100761812206638388e+04 2.339372452239820268e+04 3.104993057930965006e+04 2.753746527891136429e+04 2.635939119455303808e+04 4.080853221162567934e+04 6.356439389406419650e+04 7.280022385947318980e+04 6.498902009615102725e+04 6.553706464909082570e+04 9.116002677168219816e+04 1.254456881293179758e+05 1.370810884891562746e+05 1.262310452531373885e+05 1.353333705324699695e+05 1.817625887110430631e+05 2.289157394767681544e+05 2.345532977280136547e+05 2.135367312732015853e+05 2.271243686980555358e+05 2.846282857933579362e+05 3.273500169876420987e+05 3.219306212623018655e+05 3.002480642402208177e+05 3.240036602855140227e+05 3.943750004413028946e+05 4.355282476110694697e+05 3.924430344712078804e+05 4.446589265506287920e+05 5.123176680265908362e+05 5.901935495901159011e+05 6.797745944284878206e+05 7.827686514665698633e+05 9.009883771818976384e+05 1.036128514985485352e+06 1.191027224458095850e+06 1.368547442147663794e+06 1.571770124547068262e+06 1.804200045486686286e+06 2.069932393062984571e+06 2.387015036797930487e+06 2.760219505719928537e+06 3.188676701705103274e+06 3.679555123564002570e+06 4.240490887535208836e+06 4.871142814036661759e+06 5.525786960022086278e+06 6.240484982440247200e+06 7.030804745055030100e+06 7.899311842375537381e+06 8.849944152625743300e+06 9.894698848851609975e+06 1.101743740562815592e+07 1.220489630756849609e+07 1.343957292467567883e+07 1.469543703300579451e+07 1.595086859937572107e+07 1.724023423921250924e+07 1.844156814027718082e+07 1.945680468839827925e+07 2.019228749014037848e+07 2.054288603315668553e+07 2.039945239245257527e+07 1.963297640783723816e+07 1.814822112781570107e+07 1.599078727257834747e+07 1.323109697270853817e+07 1.004266160435405187e+07 6.720585571461026557e+06 3.673848164566948079e+06 1.363147397256035591e+06 2.184615637715978082e+05 4.826003858236890519e+05 2.038729357887207763e+06 4.288107415154175833e+06 6.187947430574130267e+06 6.739178023627841845e+06 5.483981595518696122e+06 2.986472218876877334e+06 7.698949855525061721e+05 3.662722569728776580e+05 1.950889786644489272e+06 3.700466099814554211e+06 3.376262065498391632e+06 1.273617682283333736e+06 3.939459493587229517e+05 1.894652881868756609e+06 2.561614500449256971e+06 9.093776992434471613e+05 7.385069553682632977e+05 1.944861949303166242e+06 8.623241965297783026e+05 8.625402452286977787e+05 1.342459364295637468e+06 5.440932244504980044e+05 1.142063770295292838e+06 5.559289230327295372e+05 8.927170075350964908e+05 5.990065535386872943e+05 6.318870656183226965e+05 6.299250580001190538e+05 5.280902748938336736e+05 5.041035915435341885e+05 4.813712733518959139e+05 4.464507000143082696e+05 4.141837652174232062e+05 3.831483236499459599e+05 3.468093202722521964e+05
4.812333336319199475e+02 2.198203945128859687e+03 5.877134778357733012e+03 8.335811890172917629e+03 7.220202169887154014e+03 5.969487461840992182e+03 1.224642351462444094e+04 2.602633043355405243e+04 3.454348926208148623e+04 3.063487470929220945e+04 2.932335788259137189e+04 4.539730334516729636e+04 7.071146828834085318e+04 8.098336482611113752e+04 7.229057916188638774e+04 7.289715309299773071e+04 1.013981527449392306e+05 1.395328991889706813e+05 1.524679362311967998e+05 1.403902615705294884e+05 1.505074278240955318e+05 2.021425990108228871e+05 2.545792627482514363e+05 2.608317704161552829e+05 2.374397200388468918e+05 2.525386762732281932e+05 3.164780943297899794e+05 3.639698896215496934e+05 3.579134037414150080e+05 3.337733295031088637e+05 3.601715468351601739e+05 4.383986891308499617e+05 4.841254354782787268e+05 4.361937607101469184e+05 4.941543088135689613e+05 5.692421313171786023e+05 6.556349721282132668e+05 7.549678545861199964e+05 8.691136362001977395e+05 1.000053210941266967e+06 1.149626013847667258e+06 1.320925938732429175e+06 1.517054729120029602e+06 1.741330618266727077e+06 1.997507996454734355e+06 2.289951431498305406e+06 2.638387715864720754e+06 3.047752569227326661e+06 3.516643176556579769e+06 4.052401047846249305e+06 4.662691641857705079e+06 5.346185702768048272e+06 6.051604128188272007e+06 6.817195190697004087e+06 7.658196736948462203e+06 8.575069515228684992e+06 9.569132447518270463e+06 1.064957821591401100e+07 1.179427415832756087e+07 1.298333907911254838e+07 1.419138726065605320e+07 1.538303548856887780e+07 1.652650365339415707e+07 1.764615658793312684e+07 1.860408892634431273e+07 1.929035176266793534e+07 1.960432269500868022e+07 1.944189252290179580e+07 1.870773999468601868e+07 1.730868354140600562e+07 1.521206425675247051e+07 1.254075217135428265e+07 9.469115822462338954e+06 6.285352341814596206e+06 3.383841847157774959e+06 1.215287405997076072e+06 1.824019910184361797e+05 5.032653951567572658e+05 2.045903129075858276e+06 4.227901517101059668e+06 6.072493148983620107e+06 6.533717320710455999e+06 5.230150931573498063e+06 2.770714685733237769e+06 6.658636823771602940e+05 3.772472587531777681e+05 1.962996998672524467e+06 3.588852999197469093e+06 3.157395722260826267e+06 1.114497476140946150e+06 3.918643240915994393e+05 1.900023318120174808e+06 2.419691217778028920e+06 7.837839549538745778e+05 7.603702188698113896e+05 1.879348438161320286e+06 7.494115713448264869e+05 8.812359993384545669e+05 1.250179823561764322e+06 5.210061216739234515e+05 1.094923550748395035e+06 5.230117894663371262e+05 8.472713870701903943e+05 5.844137559601826360e+05 5.822961315745332977e+05 6.104783188703947235e+05 5.064604598931387300e+05 4.749678231920039980e+05 4.569446037488050060e+05 4.256603246328314999e+05 3.939753038962560822e+05 3.631969364495159243e+05 3.295041378649575636e+05 3.077717160863521276e+05
5.920559901825077986e+02 2.704418327345888429e+03 7.230517715823724757e+03 1.025529070762052652e+04 8.882647665991278700e+03 7.343793365810692194e+03 1.506584764677852218e+04 3.201801215495315773e+04 4.249500329297456483e+04 3.768524861643038457e+04 3.607049533217043791e+04 5.584308276113987813e+04 8.698119214594777441e+04 9.961291316947955056e+04 8.891507898914358520e+04 8.965657529930259625e+04 1.247108057264057279e+05 1.716109120294224995e+05 1.875091677994941710e+05 1.726410745604911936e+05 1.850731377058824291e+05 2.485671210083072074e+05 3.130412483267653733e+05 3.207039638685726677e+05 2.919111008478651638e+05 3.104594299901981722e+05 3.890651796693238430e+05 4.474339104579577106e+05 4.399422956058879499e+05 4.102185882990079117e+05 4.426480379936636309e+05 5.387891845642267726e+05 5.949564571545042563e+05 5.359933600030520465e+05 6.071002670854189200e+05 6.991973630849970505e+05 8.051093719601357589e+05 9.268171506494928617e+05 1.066584113717894070e+06 1.226793836785397492e+06 1.409640610638689483e+06 1.618835784917378798e+06 1.858071176425043494e+06 2.131266425842285622e+06 2.442825629453180358e+06 2.797834932110471185e+06 3.220041351388094481e+06 3.714968016968282405e+06 4.280250730332965031e+06 4.923994880515873432e+06 5.654423047813728452e+06 6.468530346103061922e+06 7.302684208941252902e+06 8.201254074165662751e+06 9.180043025899473578e+06 1.023629094318829291e+07 1.136741985439184494e+07 1.257910192814809643e+07 1.383867596240391769e+07 1.511520500028356351e+07 1.637031338112552464e+07 1.755325266779374704e+07 1.861677828734997287e+07 1.957545852724768966e+07 2.026239234154163301e+07 2.054892909119409695e+07 2.032629934649503976e+07 1.949640465384519845e+07 1.799141162450642139e+07 1.577712962760525383e+07 1.291801501063272730e+07 9.658466151532594115e+06 6.315747477620319463e+06 3.313239714308115654e+06 1.125623910463882145e+06 1.675521492037587450e+05 6.371043996399922762e+05 2.352670484552339185e+06 4.658231458165518939e+06 6.523597373543517664e+06 6.906353674520607106e+06 5.365533408975539729e+06 2.704536650810825638e+06 5.921616798865747405e+05 4.953928192887097830e+05 2.258254825068953447e+06 3.825120123054990079e+06 3.140152650020742789e+06 9.988954321300055599e+05 4.987577082848605933e+05 2.146717562968091108e+06 2.425413880362142343e+06 6.996865858461633325e+05 9.413804768375826534e+05 1.942143881204755511e+06 6.826674219140273053e+05 1.046161341781491763e+06 1.203251697454556590e+06 6.088999916864621919e+05 1.095841946266744053e+06 5.878458597265606513e+05 8.369090953752590576e+05 6.529003764245761558e+05 5.852180512764487648e+05 6.304628798232225236e+05 5.386725083818824496e+05 4.951391573302071774e+05 4.734893445330118993e+05 4.421851216186977108e+05 4.080362954027864034e+05 3.731311736804237007e+05 3.410906492836846155e+05 3.309236926944163861e+05 3.189987333160456619e+05
6.574234558922364613e+02 3.002997502054020060e+03 8.028753544547929778e+03 1.138734945272558252e+04 9.863007914673504274e+03 8.154112605071912185e+03 1.672826170122746407e+04 3.555072282302837993e+04 4.718252183585078456e+04 4.184047037693657330e+04 4.004595327224418725e+04 6.199789391772113595e+04 9.656698600169717974e+04 1.105863789557426207e+05 9.870350183160374581e+04 9.952102126401536225e+04 1.384329547704320285e+05 1.904907700771832024e+05 2.081252114412629162e+05 1.916044546076793631e+05 2.053907517060214304e+05 2.758554738517307560e+05 3.474012921962760156e+05 3.558736498866438633e+05 3.238848281663286616e+05 3.444470209780518780e+05 4.316600805056950194e+05 4.963997350209870492e+05 4.880315049994441797e+05 4.549961514736672980e+05 4.909472593215827947e+05 5.975795240678590490e+05 6.598380040090177208e+05 5.943732179069940466e+05 6.730842946762287756e+05 7.750035311228027567e+05 8.921485682150082430e+05 1.026681502597347600e+06 1.181065964234798681e+06 1.357883523007159354e+06 1.559487095954929013e+06 1.789882291335942922e+06 2.053017793759118766e+06 2.353048886629184708e+06 2.694606178945625667e+06 3.082995478182199411e+06 3.543954862506399397e+06 4.082958495892724488e+06 4.696620291943899356e+06 5.392838354095697403e+06 6.179314055494619533e+06 7.051107753625142388e+06 7.936984198028706014e+06 8.883086296997597441e+06 9.903597876800905913e+06 1.099173063377611339e+07 1.213999754555197060e+07 1.334857538489198126e+07 1.457562961845356785e+07 1.578042912919222377e+07 1.691379672190471366e+07 1.791354624695068598e+07 1.872143023545189574e+07 1.934121600345861167e+07 1.959780348461230844e+07 1.936485775423254818e+07 1.854948583446994051e+07 1.708847346168373153e+07 1.497290627237280086e+07 1.225932324467785656e+07 9.127386029132630676e+06 5.927518276623982936e+06 3.070764071499680169e+06 1.012436258392429212e+06 1.454875075663956814e+05 6.482912292874507839e+05 2.329288572139043361e+06 4.542966427490899339e+06 6.293745353741580620e+06 6.610495499991247430e+06 5.115219096928622574e+06 2.519657403726400342e+06 5.185606998523470829e+05 5.125683949476522394e+05 2.253991288445188664e+06 3.685616928405967541e+06 2.934778366036912892e+06 8.780092711963088950e+05 5.016145782564062392e+05 2.117957266443357803e+06 2.280414053823570255e+06 6.083487883434400428e+05 9.525724004452258814e+05 1.856402367340013850e+06 5.990202034756242065e+05 1.050088526785516180e+06 1.110940968992009293e+06 5.966946584008544451e+05 1.035929364671118907e+06 5.674491623506403994e+05 7.839829277120475890e+05 6.403489834242018405e+05 5.409902445495197317e+05 6.042885406850676518e+05 5.194576104741537711e+05 4.692095974517076393e+05 4.491116144453456509e+05 4.215252042564596049e+05 3.894478998699854128e+05 3.565582825273368508e+05 3.279997508118069964e+05 3.191372600540173589e+05 3.006084393149092211e+05 2.606600749462219828e+05
7.673695720479865940e+02 3.505199879803352815e+03 9.371370976532722125e+03 1.329146429047504716e+04 1.151198942753277879e+04 9.517108161632902920e+03 1.952451646154103946e+04 4.149293340408091899e+04 5.506733212587381422e+04 4.883013556855710340e+04 4.673345151524631365e+04 7.235147219872102141e+04 1.126922593784018245e+05 1.290465693249045435e+05 1.151709905083023477e+05 1.161171310183071328e+05 1.615192178260839428e+05 2.222547691979500814e+05 2.428118825930420717e+05 2.235128329953950015e+05 2.395792811358979088e+05 3.217736625475994661e+05 4.052198761162852170e+05 4.150587348154231440e+05 3.776966292624971829e+05 4.016504894945953274e+05 5.033500060108498437e+05 5.788148648655893048e+05 5.689786445687280502e+05 5.303771426690152148e+05 5.722592215517259901e+05 6.965532597557606641e+05 7.690712835088435095e+05 6.926698792806074489e+05 7.842032003795147175e+05 9.026883912299871445e+05 1.038787692696287064e+06 1.194973156940726098e+06 1.374052021738906391e+06 1.578947971649931977e+06 1.812292573163100984e+06 2.078602919585251017e+06 2.382281729544569273e+06 2.727909970144079532e+06 3.120538760611382313e+06 3.565896708148610778e+06 4.093168216407248285e+06 4.707853449069267139e+06 5.404980330446617678e+06 6.192294634061494842e+06 7.076887962682170793e+06 8.050892936493245885e+06 9.030501812584446743e+06 1.006550707670396194e+07 1.116818224925209582e+07 1.232598926502197608e+07 1.352457979710074142e+07 1.475686675440995395e+07 1.596792375996174477e+07 1.710365079800964147e+07 1.810069068337241933e+07 1.888257941097123176e+07 1.937901012489148229e+07 1.958579643299801648e+07 1.932102436277026683e+07 1.846947083454364538e+07 1.697035033410806209e+07 1.481879282190136611e+07 1.209394756722434238e+07 8.972543219874901697e+06 5.768739634187476709e+06 2.934540220405565109e+06 9.284818295492138714e+05 1.370114153844511020e+05 7.205348799455234548e+05 2.459893500522367191e+06 4.682014398865738884e+06 6.376761833821074106e+06 6.589018163368651643e+06 5.005711547365270555e+06 2.403390866285641678e+06 4.621782949216946727e+05 5.897576078950809315e+05 2.413166502981052734e+06 3.747986001433944795e+06 2.826126037085319404e+06 7.826436673063007183e+05 5.647745497595472261e+05 2.205262347128832713e+06 2.203341968049752526e+06 5.443276371634107782e+05 1.044347995739490958e+06 1.827108657505854964e+06 5.461792347469943343e+05 1.123105838045400800e+06 1.041010646027848474e+06 6.426794625837116037e+05 9.965423090407699347e+05 5.982068399660338182e+05 7.489590305367108667e+05 6.653754141087206081e+05 5.281109496256246930e+05 5.963063562788865529e+05 5.248474428445531521e+05 4.683315998716553440e+05 4.455278210012589698e+05 4.189286268958910368e+05 3.871484270069669001e+05 3.547825546176559292e+05 3.302079032779846457e+05 3.229829108319595107e+05 2.935543832779094810e+05 2.629046715213150019e+05 2.561482954478267930e+05
8.928036610435568718e+02 4.078142203216904363e+03 1.090308621508669421e+04 1.546370493976676153e+04 1.339308012951178534e+04 1.107185448954237836e+04 2.271417727256332000e+04 4.827102199270341953e+04 6.406067863459650835e+04 5.680158952294099436e+04 5.435941063984737411e+04 8.415805014322244097e+04 1.310800361353052722e+05 1.500946003475544858e+05 1.339435984062519856e+05 1.350334798098360770e+05 1.878335328162971127e+05 2.584587545385950652e+05 2.823404506592893740e+05 2.598660435998285247e+05 2.785244345355174737e+05 3.740805628466872731e+05 4.710795875452520559e+05 4.824588193956887117e+05 4.389578373145629885e+05 4.667637478221729398e+05 5.849538505560716148e+05 6.726171702870491426e+05 6.610809235864197835e+05 6.161139917580664624e+05 6.647325043105806690e+05 8.091131021178112132e+05 8.932796986162876710e+05 8.044054826659678947e+05 9.104417551842689281e+05 1.047650569682821049e+06 1.205140534861556254e+06 1.385718663135720650e+06 1.592559587995536160e+06 1.828945219192671822e+06 2.097784184849940706e+06 2.404121089451740496e+06 2.752804278690147214e+06 3.148806857766016386e+06 3.597538127926357090e+06 4.105051541618990712e+06 4.704170770508646965e+06 5.400132762952003628e+06 6.185832273547959514e+06 7.068379607828441076e+06 8.053595221552382223e+06 9.129676721349999309e+06 1.019844125186865032e+07 1.131273825813084468e+07 1.248164583880000561e+07 1.368516823841153458e+07 1.490022793849627115e+07 1.611048032646900788e+07 1.724611727103007957e+07 1.823855330348025635e+07 1.901033782748110592e+07 1.947284167425503954e+07 1.954839161524356157e+07 1.923120027737990022e+07 1.834875667809581757e+07 1.681891602112575620e+07 1.464043269636498392e+07 1.189745327195731923e+07 8.784578734601790085e+06 5.611411777081994340e+06 2.806136995487034786e+06 8.532871811175728217e+05 1.330564782008849434e+05 7.892192818007129245e+05 2.575700287905783392e+06 4.796774041901392862e+06 6.433747669618524611e+06 6.549224845464350656e+06 4.880609000765182078e+06 2.269983282802904956e+06 4.140904025163807673e+05 6.670286097250507446e+05 2.558169510640897322e+06 3.817299460798922926e+06 2.744449917157077696e+06 7.004483238045810722e+05 6.274727364537252579e+05 2.273451286929848604e+06 2.121075408620211761e+06 4.930276306209033355e+05 1.126803502591032535e+06 1.787100581782741472e+06 5.052745344397865119e+05 1.183762037860519486e+06 9.730859617329004686e+05 6.875378462506725919e+05 9.532987749118835200e+05 6.288228874856181210e+05 7.136719264262390789e+05 6.850800305043992121e+05 5.186356464230517740e+05 5.856011719105491647e+05 5.278110861560578924e+05 4.672181402985972236e+05 4.414134171955863130e+05 4.154294237193578738e+05 3.843343501442968263e+05 3.533516797250672826e+05 3.324680894096127595e+05 3.235915006712727481e+05 2.858239506585426861e+05 2.661391040205744794e+05 2.516784066632120812e+05 2.336055742951095162e+05
9.409133715856665958e+02 4.297876854644577179e+03 1.149045721809194038e+04 1.629652510233786052e+04 1.411398739742982434e+04 1.166736414584264458e+04 2.393596565062717491e+04 5.086691830914620368e+04 6.750305656617687782e+04 5.984995136285093758e+04 5.727282642128579027e+04 8.866886714720996679e+04 1.381037174557567632e+05 1.581271815988545422e+05 1.410970244393229659e+05 1.422324588698504376e+05 1.978493843379085010e+05 2.722342574388578068e+05 2.973597743693006923e+05 2.736492890261473367e+05 2.932717440409466508e+05 3.938880175271088956e+05 4.960085748409929802e+05 5.079190897700909409e+05 4.620358451530141756e+05 4.912635850275597768e+05 6.156617664557164535e+05 7.078836268372939667e+05 6.956146066288895672e+05 6.481576127348185983e+05 6.992638439271146199e+05 8.511465164625279140e+05 9.396011051793342922e+05 8.459570205424338346e+05 9.571541098852946889e+05 1.100981066009113565e+06 1.265927044394757831e+06 1.454867510423698695e+06 1.671038726528687868e+06 1.917756501330605242e+06 2.197903714040799066e+06 2.516545894311971497e+06 2.878467394227327313e+06 3.288487250945583452e+06 3.751754954298083670e+06 4.273931779768770561e+06 4.888279060552256182e+06 5.598962680533876643e+06 6.396973720857839100e+06 7.287623697801510803e+06 8.274284559052650817e+06 9.341566084208849818e+06 1.038546038839497231e+07 1.145605883114187792e+07 1.255739685619731247e+07 1.366292405574081279e+07 1.474211879539862648e+07 1.577016429597769119e+07 1.666921715594250523e+07 1.736403266190648451e+07 1.777347609538547322e+07 1.781074327687675506e+07 1.740660696707110852e+07 1.656466293015366234e+07 1.515712219659699500e+07 1.316397842915819772e+07 1.066462027234916016e+07 7.839295619726692326e+06 4.978913060765661299e+06 2.465951606169225182e+06 7.279123209938368527e+05 1.202690437658815645e+05 7.631062822953846771e+05 2.416886103949383833e+06 4.429625324180011638e+06 5.875416769728818908e+06 5.917247814113903791e+06 4.348537290584611706e+06 1.973006760359330568e+06 3.450750744906045729e+05 6.615653642719448544e+05 2.426672832827528473e+06 3.521208466003877576e+06 2.455563101745467633e+06 5.932629011565709952e+05 6.123019939406415215e+05 2.103237484668692574e+06 1.869446188492459478e+06 4.187627712209395249e+05 1.074754913591677789e+06 1.592517591010368662e+06 4.368210010542232776e+05 1.110006284745232901e+06 8.406585415656359401e+05 6.526619957807931351e+05 8.371312356917741708e+05 5.898441701815355336e+05 6.265105128777100472e+05 6.320865065604689298e+05 4.658475067629410187e+05 5.251781307520739501e+05 4.803616846782180364e+05 4.230334612519030343e+05 3.979767564958914882e+05 3.749071718036323437e+05 3.475629619119646959e+05 3.214429386929267785e+05 3.050569689251469681e+05 2.922848926328785019e+05 2.535956710114464222e+05 2.450210063813948655e+05 2.248575969046491082e+05 2.121311794372310396e+05 1.947736766665989417e+05
9.646969595981223620e+02 4.406489468211382700e+03 1.178071298514418049e+04 1.670788799920246674e+04 1.446976829246699344e+04 1.196091144017401166e+04 2.453829333128256258e+04 5.214621542673972726e+04 6.919748156209118315e+04 6.134740649451728677e+04 5.870100778986172372e+04 9.088036320039289421e+04 1.415455491410819232e+05 1.620557409698380507e+05 1.445842010397488775e+05 1.457320759263757209e+05 2.027198828877916094e+05 2.789281289109790814e+05 3.046355970755111193e+05 2.802949250731961802e+05 3.003623545392676024e+05 4.034120945974079659e+05 5.079839550293954089e+05 5.200945403606548789e+05 4.730045081895895419e+05 5.028767046135083656e+05 6.302210753978936700e+05 7.245702124569646548e+05 7.118541793149264995e+05 6.631152482930548722e+05 7.153504735671583330e+05 8.707295641843222547e+05 9.611151597401222680e+05 8.651280359277516836e+05 9.784549953084832523e+05 1.124963183618579060e+06 1.292811166728954762e+06 1.484845832547809463e+06 1.704251629104086431e+06 1.954253986887342529e+06 2.237586841108224820e+06 2.559139386518629268e+06 2.923423582644199021e+06 3.334871737179717049e+06 3.798101943844830152e+06 4.318060639090551063e+06 4.927256786125602201e+06 5.628362745582252741e+06 6.410369269062094390e+06 7.276190485487704165e+06 8.226116899030255154e+06 9.241070642087467015e+06 1.021414315302378312e+07 1.119050290699800849e+07 1.216847826012755930e+07 1.311549948311514407e+07 1.399461051927291788e+07 1.477383544273514114e+07 1.537168135435627960e+07 1.571203266447489336e+07 1.571812975728703104e+07 1.531587102760692872e+07 1.445749299933233485e+07 1.316873729187661223e+07 1.138772394885240495e+07 9.171951754539124668e+06 6.685980331127163023e+06 4.191343753123495728e+06 2.030023538289114367e+06 5.709036743095210986e+05 1.150007114531378465e+05 7.550699389024910051e+05 2.254297290256925859e+06 4.014868691173789091e+06 5.210806251144589856e+06 5.140052760308156721e+06 3.679362751839951612e+06 1.595854948168922681e+06 2.688961372386807343e+05 6.763495652832167689e+05 2.274919681153946556e+06 3.130034066495845094e+06 2.061811045313780429e+06 4.639395979902633699e+05 6.276384763268573442e+05 1.898696256384598790e+06 1.539965195183462463e+06 3.446214648494194262e+05 1.029534288468518294e+06 1.330833447909408016e+06 3.730807269855634077e+05 1.021132785084055737e+06 6.707366805719427066e+05 6.277559504236085340e+05 6.815242617145258700e+05 5.560800139798109885e+05 5.172760906585974735e+05 5.634965658571387175e+05 4.139618255101621035e+05 4.477495886071401765e+05 4.197100271577018430e+05 3.717024153362290235e+05 3.467033092820605962e+05 3.253684330799041199e+05 3.020142088468862930e+05 2.820461883460857207e+05 2.710883346024072380e+05 2.534080924994581437e+05 2.179167173598980007e+05 2.178947118338023429e+05 1.944138644291666569e+05 1.855874780648782325e+05 1.703355063155342941e+05 1.591945729857709375e+05
9.836876529828317643e+02 4.493204730676146937e+03 1.201240406519541648e+04 1.703613785898709102e+04 1.475348029367472373e+04 1.219478345567841643e+04 2.501821417362552893e+04 5.316525421684485627e+04 7.054595055706085986e+04 6.253726588447576796e+04 5.983398977986595128e+04 9.263490948516460776e+04 1.442752078548033605e+05 1.651666954808070441e+05 1.473385979731638799e+05 1.484902608508355625e+05 2.065594617722399125e+05 2.842021204104360077e+05 3.103541775580969988e+05 2.854986828435346251e+05 3.059021561297833105e+05 4.108534699011272751e+05 5.173335256629430805e+05 5.295657903207464842e+05 4.814945437644195626e+05 5.118457971246622619e+05 6.414678475985128898e+05 7.374387351428676629e+05 7.243143702074162429e+05 6.745210879103093175e+05 7.275965783216124400e+05 8.856384295484975446e+05 9.774512684183230158e+05 8.796027555517513538e+05 9.943752076719853794e+05 1.142667230895326007e+06 1.312359177625179058e+06 1.506238076943517430e+06 1.727398412167843431e+06 1.978930555060375948e+06 2.263370158874733839e+06 2.585357542913380079e+06 2.949049154218939133e+06 3.358392520832822658e+06 3.817356103462229483e+06 4.330028810811452568e+06 4.927781602417463437e+06 5.611582867973819375e+06 6.368291350424803793e+06 7.198158028560625389e+06 8.098126719652011991e+06 9.045366290699278936e+06 9.931033648193728179e+06 1.079493846462380886e+07 1.162990986480760016e+07 1.239825784386205673e+07 1.305810823211137578e+07 1.357259132273609936e+07 1.386066877712636068e+07 1.385091513912381604e+07 1.347829639504421875e+07 1.269051670473365858e+07 1.147146104107008688e+07 9.879496760039268062e+06 7.926544622853435576e+06 5.746075539346820675e+06 3.570365077711763792e+06 1.700947482095777523e+06 4.604254281650999328e+05 1.058870107561218756e+05 7.102610089482562616e+05 2.052392192601359216e+06 3.593705222453011665e+06 4.604504541414956562e+06 4.478321099738234654e+06 3.148517284534680657e+06 1.322397143791417824e+06 2.160592676463405951e+05 6.447287931812594179e+05 2.067256882039841264e+06 2.777435911018112209e+06 1.762713777749596164e+06 3.752650338802104234e+05 6.073197308116581989e+05 1.708199375766637502e+06 1.293740710694448324e+06 2.880355726652912563e+05 9.500305552237912780e+05 1.129587910881557036e+06 3.196922984542706399e+05 9.216806202233720105e+05 5.502490347144377884e+05 5.800980338759969454e+05 5.682267419660069281e+05 5.081126677577315131e+05 4.347803170802242239e+05 4.999784902575694141e+05 3.637941742579394486e+05 3.851200418498577783e+05 3.678105537857181625e+05 3.261633587635282893e+05 3.024449921964579262e+05 2.836817391504421248e+05 2.641114442956605926e+05 2.480045069016146881e+05 2.382386511608132569e+05 2.183669859483276086e+05 1.900349263941569952e+05 1.916753538784364355e+05 1.691044410529714660e+05 1.620925756887912285e+05 1.491184659190149396e+05 1.393035525072295859e+05 1.310864869292740477e+05
1.021492097619927335e+03 4.665849328779799180e+03 1.247379243332080841e+04 1.769007095651779673e+04 1.531911184328803574e+04 1.266153803258553489e+04 2.597593266510065223e+04 5.519945675413735444e+04 7.324062068488830118e+04 6.491925273715916410e+04 6.210634010532275715e+04 9.615353038204966288e+04 1.497516724145116168e+05 1.714190555921482446e+05 1.528906443456810084e+05 1.540639761508143856e+05 2.143162516564955004e+05 2.948637652359367348e+05 3.219470399178150110e+05 2.960935234671346843e+05 3.172103047709979001e+05 4.260424795375604881e+05 5.364341243957977276e+05 5.489964277177577605e+05 4.990128131754055503e+05 5.303997650539132301e+05 6.647282859745097812e+05 7.641047945222605485e+05 7.502867220493139466e+05 6.984663607567395084e+05 7.533562350734500214e+05 9.169969051361375023e+05 1.011916210755625158e+06 9.103416501454844838e+05 1.028584590453873156e+06 1.181259111348902574e+06 1.355726621129335370e+06 1.554743741471219109e+06 1.781343151108326390e+06 2.038499541449696990e+06 2.328549351714973338e+06 2.655906226252936292e+06 3.024367180548300501e+06 3.437366449767149985e+06 3.898169068447737955e+06 4.409924881685077213e+06 5.003162485011299141e+06 5.676902242307022214e+06 6.415377670433731750e+06 7.215857515267724171e+06 8.071550377749077976e+06 8.955261127608748153e+06 9.754783925695020705e+06 1.050511494540577009e+07 1.119381027845549770e+07 1.177844063565821946e+07 1.221330480165389366e+07 1.245880837665197253e+07 1.243765936978001334e+07 1.208824190675390139e+07 1.136424926746013574e+07 1.024374301062099077e+07 8.751507671162400395e+06 6.987733299425505102e+06 5.039530452403809875e+06 3.105840956893049181e+06 1.457087886302526109e+06 3.801914789755415986e+05 1.001101344553417875e+05 6.750583477498344146e+05 1.896067961282854900e+06 3.270356045913463924e+06 4.142291498472424690e+06 3.980875081418820657e+06 2.751110283883390483e+06 1.120745359166261740e+06 1.798436514504269871e+05 6.197148819648672361e+05 1.899166443279833067e+06 2.483658245089109056e+06 1.535893686767170671e+06 3.126320661426740699e+05 5.925302566433274187e+05 1.570867526112515945e+06 1.120852048777029850e+06 2.497680265202411974e+05 8.857907785321518313e+05 9.765886059971278301e+05 2.833814664197867969e+05 8.418083767063990235e+05 4.624604974871317972e+05 5.419018700616697315e+05 4.840409239961349522e+05 4.701360559760822216e+05 3.744888156574360328e+05 4.497387407833921025e+05 3.269336365815334138e+05 3.381573054443897563e+05 3.279140585902496823e+05 2.916541019400946680e+05 2.691652271471545100e+05 2.522921496880617342e+05 2.355658413356943929e+05 2.221935603924095049e+05 2.126829633687353635e+05 1.915537625377119693e+05 1.699778619562504755e+05 1.709366189669273444e+05 1.505112426870892523e+05 1.440873810212859244e+05 1.331037901546100038e+05 1.241943672698317096e+05 1.164990052076425200e+05 1.065338657698212483e+05
1.070812892585516011e+03 4.891088050235033734e+03 1.307574441178792767e+04 1.854324446381731468e+04 1.605710875851067613e+04 1.327056003301818055e+04 2.722555887514944698e+04 5.785371660684809467e+04 7.675686253003464662e+04 6.802776724272359570e+04 6.507206522826806031e+04 1.007457844067449041e+05 1.568993236010328692e+05 1.795801170346619620e+05 1.601387163432691013e+05 1.613413014926981123e+05 2.244437671812959015e+05 3.087844409581539803e+05 3.370858258482183446e+05 3.099321801823141868e+05 3.319826974823479541e+05 4.458846178360949270e+05 5.613873350300930906e+05 5.743865030404769350e+05 5.219110552344286116e+05 5.546551464859857224e+05 6.951361015930998838e+05 7.989683784636952914e+05 7.842541656497083604e+05 7.297948862567932811e+05 7.870623028478274355e+05 9.580289661511834711e+05 1.057020594417817192e+06 9.505842028294689953e+05 1.073399981134038419e+06 1.231856315825389465e+06 1.412641308062998578e+06 1.618480257089039776e+06 1.852336729334736709e+06 2.117050315485654864e+06 2.414718989328483585e+06 2.749491489500650670e+06 3.124738579466876108e+06 3.543284205396569334e+06 4.007559016734874342e+06 4.519604874392339028e+06 5.109060029309589416e+06 5.772658783186665736e+06 6.491544717798193917e+06 7.259594882137736306e+06 8.065844182838380337e+06 8.878302457904484123e+06 9.581123940960554406e+06 1.020478083775428496e+07 1.073212104740672931e+07 1.111720447476754524e+07 1.131273075688982569e+07 1.127990133595760725e+07 1.095055838082562573e+07 1.028008753982588649e+07 9.249623139276843518e+06 7.876737978140471503e+06 6.234622566854452714e+06 4.468945416686877608e+06 2.733012016711075790e+06 1.263669244597775629e+06 3.184138020787534770e+05 9.590526030506101961e+04 6.422914994992229622e+05 1.763278195874123368e+06 3.000552015419241507e+06 3.760747074445721693e+06 3.574676295288350433e+06 2.433144024505810346e+06 9.624691797138940310e+05 1.533875182980536774e+05 5.968424901944132289e+05 1.756173650681937812e+06 2.235204298074217979e+06 1.339572326287462376e+06 2.648064508740777383e+05 5.791335678754970431e+05 1.454589911993443267e+06 9.864315084881058428e+05 2.239323159443311743e+05 8.288848498728621053e+05 8.524424443688880419e+05 2.566451756082929205e+05 7.722667811234270921e+05 3.943524301187220844e+05 5.080504573075554217e+05 4.174361524912312161e+05 4.370860070215610904e+05 3.273774469677560264e+05 4.069937121909817797e+05 2.974085289247281617e+05 3.003749124542928766e+05 2.948973958256235928e+05 2.633728550496387179e+05 2.421477613479895517e+05 2.267909985530394479e+05 2.123079445558905136e+05 2.009069340049023449e+05 1.911958746596596320e+05 1.698051617162093171e+05 1.542613619639815879e+05 1.533066783656006446e+05 1.357281794734831783e+05 1.292641595689319802e+05 1.199824246902364976e+05 1.117599194427819020e+05 1.042965463960343768e+05 9.510481675711726712e+04 8.983693686634693586e+04
1.075831474490195205e+03 4.913962478148266200e+03 1.313666224793351103e+04 1.862906510779201926e+04 1.613048469544411273e+04 1.333012913717280571e+04 2.734797328305071642e+04 5.811245597664893285e+04 7.709387819985536044e+04 6.831713399766047951e+04 6.533967851541129494e+04 1.011608979605877539e+05 1.575407934323871159e+05 1.802907689531043288e+05 1.607374425922136870e+05 1.619146427213533898e+05 2.252460401328106527e+05 3.098733361553127179e+05 3.382059695549033349e+05 3.108664401851544972e+05 3.329231687983568991e+05 4.471494690098570427e+05 5.629456313297655433e+05 5.758138501851540059e+05 5.230039714733546716e+05 5.557225885847711470e+05 6.964848331772778183e+05 8.004165313198136864e+05 7.853749605794352246e+05 7.305064189169073943e+05 7.877342777564404532e+05 9.588522943252635887e+05 1.057731169784315396e+06 9.508450648050203454e+05 1.072955311746387975e+06 1.230363254571493715e+06 1.409624989906620700e+06 1.613295448052895023e+06 1.844112707856911467e+06 2.104621237401407212e+06 2.396541951702377759e+06 2.723518546877148096e+06 3.088272781423547305e+06 3.492801449171997607e+06 3.938481218851979822e+06 4.426023601191361435e+06 4.982677635163637809e+06 5.602836455328266136e+06 6.265216226069264114e+06 6.960422930030358955e+06 7.673737847658540122e+06 8.369963291363107972e+06 8.935617336247261614e+06 9.395977418708575889e+06 9.731338246515411884e+06 9.896603929002413526e+06 9.848323881093584001e+06 9.554748189466407523e+06 8.965808947437692434e+06 8.062494125542836264e+06 6.860480142882985994e+06 5.419882782485315576e+06 3.857506957537743263e+06 2.349040068237403873e+06 1.079479608730148058e+06 2.667400066388270934e+05 8.203834421146228851e+04 5.635702255151207792e+05 1.543023464247924509e+06 2.624194990849713795e+06 3.279826654211549088e+06 3.106890867724327371e+06 2.103290482186300680e+06 8.212004338989278767e+05 1.262207087739814306e+05 5.261633738969289698e+05 1.539823970461480087e+06 1.945294526022961829e+06 1.150742512222005520e+06 2.188096935210391530e+05 5.177984550030988757e+05 1.292107733720098622e+06 8.591942674676368479e+05 1.894724908587419486e+05 7.361713035812632879e+05 7.350535318927806802e+05 2.160588879742503050e+05 6.798835266450378112e+05 3.314038816492358455e+05 4.487591253221301595e+05 3.547257378140483634e+05 3.857475294708635774e+05 2.769015863463878050e+05 3.580260055080651073e+05 2.568195205949589144e+05 2.575215451508433616e+05 2.569056702385553217e+05 2.292732750648467918e+05 2.097455939155068190e+05 1.963559959566303878e+05 1.838655598616248753e+05 1.735680828701062710e+05 1.646321333464927156e+05 1.465838685327540443e+05 1.343688296857263194e+05 1.327981776424273849e+05 1.177404669115199649e+05 1.117751888821141329e+05 1.039537062074478745e+05 9.650241468586129486e+04 9.004013374019911862e+04 8.243617272973779473e+04 7.816896851549894200e+04 7.242211964868629002e+04
1.139034522617464063e+03 5.202587385579415240e+03 1.390795918603143582e+04 1.972212501985934068e+04 1.707576336625205658e+04 1.410995547070139946e+04 2.894811386836693782e+04 6.151089704440801870e+04 8.159450543966208352e+04 7.229369863936085312e+04 6.913142246261892433e+04 1.070323856088274915e+05 1.666783396239685826e+05 1.907183218576964282e+05 1.699902216119313962e+05 1.711977398264150834e+05 2.381660303181169147e+05 3.276288965674420469e+05 3.574990738458632259e+05 3.284801073695921223e+05 3.517111055711234221e+05 4.723857818277464248e+05 5.946744551337672165e+05 6.080587790676008444e+05 5.520361336934098508e+05 5.864533305016065715e+05 7.350134218377604848e+05 8.445668332098353421e+05 8.283192927216396201e+05 7.700358488884955877e+05 8.302413476785823004e+05 1.010600241768983775e+06 1.114568187691882718e+06 1.001465690337875509e+06 1.129153501458392479e+06 1.293579423447736073e+06 1.480425198443444446e+06 1.692170922330384608e+06 1.931422556171822129e+06 2.200498194310603663e+06 2.500751029345613904e+06 2.835406138426856138e+06 3.206549115560153499e+06 3.615296475508204196e+06 4.061853884418642614e+06 4.545419406597822905e+06 5.091886867311427370e+06 5.692698969473483041e+06 6.322803198912354186e+06 6.968806569053363986e+06 7.611369386271375231e+06 8.210568425532487221e+06 8.651021013606686145e+06 8.954962928130885586e+06 9.101097291581515223e+06 9.046155454315658659e+06 8.752904016208615154e+06 8.200907904298856854e+06 7.363048139935277402e+06 6.252348183949971572e+06 4.925358582907629199e+06 3.488232914332233369e+06 2.098602235490547027e+06 9.505791242324311752e+05 2.275313203880235087e+05 7.952229803725270904e+04 5.360674485228235135e+05 1.437209758038623957e+06 2.420339031170613132e+06 3.006544155305159744e+06 2.821476732865558472e+06 1.884922417282814626e+06 7.173874081658535870e+05 1.109314425062254304e+05 5.067525141988073592e+05 1.432698309298666893e+06 1.768484890931220260e+06 1.015968482294182642e+06 1.876597930367205408e+05 5.011873732564084348e+05 1.203879653078847099e+06 7.664580249428058742e+05 1.753687352316784090e+05 7.017804273528438061e+05 6.564039542295383289e+05 2.001365333280889608e+05 6.267444467602098593e+05 2.874421210907051573e+05 4.219672488139745547e+05 3.102967498703320744e+05 3.603731179425812443e+05 2.460971778909457789e+05 3.261248202695813379e+05 2.368549007657058537e+05 2.316186100263645349e+05 2.331127841859743930e+05 2.092364057015998114e+05 1.908966911039978440e+05 1.784477589884807821e+05 1.673425570464661578e+05 1.582473941707382619e+05 1.492550726752796618e+05 1.319008928062569466e+05 1.235902544140919344e+05 1.198988813666510105e+05 1.077024307482646254e+05 1.013502995901951508e+05 9.471755259544542059e+04 8.784013979272960569e+04 8.159196430005969887e+04 7.489369455860415474e+04 7.136537979242780420e+04 6.575433607294873218e+04 6.149415662624083052e+04
1.269725247338643840e+03 5.799441869803215013e+03 1.550312767108969638e+04 2.198320137068491385e+04 1.903188428381313133e+04 1.572454482185392953e+04 3.226095930460889213e+04 6.854794764697244682e+04 9.091878635631750512e+04 8.053964613882670528e+04 7.700143783447919122e+04 1.192184178682330967e+05 1.856469577957400470e+05 2.123837112785241916e+05 1.892428769832575927e+05 1.905376118569254759e+05 2.650790071932129213e+05 3.646266556179396575e+05 3.977563159641305683e+05 3.653110709835641319e+05 3.910470953045872739e+05 5.252212864541643066e+05 6.611311566138763446e+05 6.757347060692616506e+05 6.131391732916890178e+05 6.512105766011626692e+05 8.161935800317290705e+05 9.376783333807047457e+05 9.191425300913536921e+05 8.539208388173145941e+05 9.205280521684873383e+05 1.120510612202565186e+06 1.235459668325451436e+06 1.109465495214573806e+06 1.249706750383008737e+06 1.430072520835367963e+06 1.634494018272541929e+06 1.865445420102325734e+06 2.125454939246559516e+06 2.416625862512511201e+06 2.739871077503156848e+06 3.097986443172650877e+06 3.492300347222069744e+06 3.922822221038602293e+06 4.388251131904462352e+06 4.885821997943942435e+06 5.440806730282050557e+06 6.040633752035031095e+06 6.654648580199149437e+06 7.264252002936108038e+06 7.844172359503862448e+06 8.348019418562805280e+06 8.654934168835794553e+06 8.786561154038939625e+06 8.721909027119649574e+06 8.422291498113213107e+06 7.861571862203623168e+06 7.037919762989310548e+06 5.955835609192086384e+06 4.669910022579761222e+06 3.284909570099622943e+06 1.953536791461976245e+06 8.625357374038618291e+05 1.972690359838710574e+05 8.733944031643928611e+04 5.509774641364939744e+05 1.424721975327312481e+06 2.353661078769495245e+06 2.884532661292402074e+06 2.672648229884081054e+06 1.747871622668080498e+06 6.398940490325904684e+05 1.062045631241616502e+05 5.310133236749850912e+05 1.411400273965909611e+06 1.675553005067539867e+06 9.192494598245272646e+05 1.694693146604966314e+05 5.242341769637124380e+05 1.162080633022774709e+06 6.967127083135807188e+05 1.801604296779462020e+05 7.083153649415822001e+05 6.014840815219070064e+05 2.070584540590221586e+05 6.014776177655245410e+05 2.593455139381548506e+05 4.189322543822382577e+05 2.808517650857699336e+05 3.533548119417385315e+05 2.318691537894304493e+05 3.062402874805976753e+05 2.322541947880093940e+05 2.194180558747374453e+05 2.203362627167525643e+05 1.998348379209845152e+05 1.825396127859012049e+05 1.705439418124225922e+05 1.605073161399546370e+05 1.522892074332283228e+05 1.416303898158836819e+05 1.236846430553501268e+05 1.201247203656835482e+05 1.125850646209159459e+05 1.035856964712364133e+05 9.631881266924570082e+04 9.039584654036615393e+04 8.375606852209047065e+04 7.711276272569390130e+04 7.159387838750056108e+04 6.808512559465476079e+04 6.248889088197833917e+04 5.845018635049322620e+04 5.398430427026395046e+04
1.351458785132850153e+03 6.172660547658272662e+03 1.650035054419389053e+04 2.339610804707288480e+04 2.025322433302961508e+04 1.673149331465057185e+04 3.432725500561513763e+04 7.293562419234600384e+04 9.672585833776058280e+04 8.566514062337329960e+04 8.188340176876136684e+04 1.267785751097428147e+05 1.974096067900141352e+05 2.257933389194273041e+05 2.011214977978676034e+05 2.024378370446486515e+05 2.816442591208627564e+05 3.873832036922189873e+05 4.224436822047014721e+05 3.877938352416754933e+05 4.149937318438176881e+05 5.573882075357591966e+05 7.015537829166073352e+05 7.167175223164763302e+05 6.499194223459619097e+05 6.900879999906006269e+05 8.649433548850005027e+05 9.934817011018630583e+05 9.732453495579169830e+05 9.035264557944980916e+05 9.738150355931974482e+05 1.185387067515547387e+06 1.306600047828530194e+06 1.172601478465620661e+06 1.319364756828727666e+06 1.507849586481896462e+06 1.720828863158395514e+06 1.960595936458254233e+06 2.229402866120711435e+06 2.528931753199017141e+06 2.859470477275612298e+06 3.223083340971022844e+06 3.620060326408735476e+06 4.049036979865279049e+06 4.506953071817597374e+06 4.988857614504830912e+06 5.517738972168305889e+06 6.077126740985001437e+06 6.631876990106331185e+06 7.158890865542406216e+06 7.628341664996771142e+06 7.990520568385665305e+06 8.127707711562688462e+06 8.062310394918806851e+06 7.778694280011298135e+06 7.250412161645451561e+06 6.470776405559574254e+06 5.464275647695859894e+06 4.273698915396268480e+06 2.995104388533437159e+06 1.770419121576959966e+06 7.720473790790041676e+05 1.707754736347784637e+05 8.485639279345447721e+04 5.227243872267330298e+05 1.329164128731240984e+06 2.175135147754518781e+06 2.645477006584024522e+06 2.434272698196958750e+06 1.578026077148587676e+06 5.645170850167515455e+05 9.652226781725705951e+04 5.094026345407796325e+05 1.316975229120588163e+06 1.531348126954816282e+06 8.181340580932485173e+05 1.493210633553394000e+05 5.020705849914940191e+05 1.071057919906887924e+06 6.185747712965767132e+05 1.706754181027748564e+05 6.733084771803265903e+05 5.431228322011498967e+05 1.980071068604804459e+05 5.588923882222571410e+05 2.291849080344018585e+05 3.921241199112067698e+05 2.491257357463504595e+05 3.289048928249575547e+05 2.096331478521409445e+05 2.792974983148955507e+05 2.152346506904278940e+05 1.994893694725768291e+05 2.010515810847152025e+05 1.833109999559516436e+05 1.672935681629434694e+05 1.561791283293598681e+05 1.471214122030780709e+05 1.394525423167749832e+05 1.287093244146505313e+05 1.126170209002866468e+05 1.111145029693905672e+05 1.021205195849209267e+05 9.528045054310280830e+04 8.795905909078511468e+04 8.268844947636993311e+04 7.653353594946239900e+04 7.036433180563172209e+04 6.588876343538335641e+04 6.222496726091206074e+04 5.714816935857965291e+04 5.342100971931987442e+04 4.944448950970802980e+04 4.640437703011937992e+04
1.372581944268523557e+03 6.269026960122419041e+03 1.675741349366123904e+04 2.375929544071997952e+04 2.056547092393895582e+04 1.698698425056450651e+04 3.485190354948775348e+04 7.404716912950624828e+04 9.818561197415785864e+04 8.693661281683480775e+04 8.307772371305647539e+04 1.286295588520479796e+05 2.002803335930276662e+05 2.290229437550145667e+05 2.039181852226881892e+05 2.051845682222804462e+05 2.854765635084121022e+05 3.926204331390587613e+05 4.279984082688577473e+05 3.926746927547834348e+05 4.200797514069859753e+05 5.642239547170361038e+05 7.100798621434993111e+05 7.250476606491605053e+05 6.570090538136978867e+05 6.974028864162147511e+05 8.741383080150743481e+05 1.003812077512389398e+06 9.826832099917868618e+05 9.115370735709430883e+05 9.822350216652697418e+05 1.195652366511477623e+06 1.317468796587889083e+06 1.181500958931680536e+06 1.327717693738201866e+06 1.515196075231800554e+06 1.726305218496800866e+06 1.962997591438220814e+06 2.227077104164352175e+06 2.519643701688579284e+06 2.840249563555538654e+06 3.190012267073510215e+06 3.568035318576070480e+06 3.971500242826191243e+06 4.395587324679541402e+06 4.833269576074821874e+06 5.303924929725587368e+06 5.787959970282303169e+06 6.247699942365594208e+06 6.657187526854835451e+06 6.984504721120173112e+06 7.180865353433838114e+06 7.140651564022898674e+06 6.888965793094197288e+06 6.420500628141075373e+06 5.727298354181544855e+06 4.827210363750289194e+06 3.773080568727228791e+06 2.642798606895173900e+06 1.560481348937820178e+06 6.785474778306607623e+05 1.480102613422775757e+05 7.297165906936321699e+04 4.586539617571127601e+05 1.167595218433554051e+06 1.910450458382258657e+06 2.322541981561617460e+06 2.135334067427551374e+06 1.383177879240328446e+06 4.927976345520570176e+05 8.144360301773223910e+04 4.490247036622205633e+05 1.164177786719952011e+06 1.351927533104274422e+06 7.173660573347974569e+05 1.262382319009096391e+05 4.424518064945276710e+05 9.471933806966391858e+05 5.419616750455620931e+05 1.459239289601188502e+05 6.048650826718381140e+05 4.840360717300538672e+05 1.723596406289845181e+05 5.038579212871351046e+05 1.984447337349028967e+05 3.483058227978057694e+05 2.149215745879329625e+05 2.925501845413160627e+05 1.800609801666293934e+05 2.479542358998781128e+05 1.890551333506291558e+05 1.732389018589674088e+05 1.767906386129870370e+05 1.614769240609374829e+05 1.467407764702332206e+05 1.366488481296777027e+05 1.284775953067100345e+05 1.215665064192486461e+05 1.125805540137859934e+05 9.917401751814992167e+04 9.775382759819150670e+04 8.941917869865914690e+04 8.393233200877900526e+04 7.713530765370433801e+04 7.269881522395754291e+04 6.735817650294469786e+04 6.205202955640653090e+04 5.799149747820897028e+04 5.458034584261176497e+04 5.023830189905018779e+04 4.705776648572878912e+04 4.360108297085008235e+04 4.080149281507193518e+04 3.784954228987882379e+04
1.465468875217418827e+03 6.693130581813915342e+03 1.789038366846174176e+04 2.536401219630846754e+04 2.195175399542470041e+04 1.812893757731212099e+04 3.719542343115499534e+04 7.902224261702911463e+04 1.047643542780370044e+05 9.273465161931508919e+04 8.859184835968675907e+04 1.371694325973466912e+05 2.135626941333360155e+05 2.441434343116881209e+05 2.172801596236655605e+05 2.185433626065919525e+05 3.040766717047853163e+05 4.181587585615940625e+05 4.556404239021122339e+05 4.177599703147271648e+05 4.467428063118536957e+05 6.000421456365337363e+05 7.550594326653953176e+05 7.704960286112885224e+05 6.976075742779757129e+05 7.402295609986854251e+05 9.278524068802117836e+05 1.065203694386836141e+06 1.041923830318435444e+06 9.655432570466740290e+05 1.040161838980351924e+06 1.266187148785103578e+06 1.394629157884623390e+06 1.249623536880115978e+06 1.402187669147614157e+06 1.597425138958462281e+06 1.816352663638707250e+06 2.060597165040618507e+06 2.331501546395275276e+06 2.629512770266187377e+06 2.953278446494181640e+06 3.302846723100559786e+06 3.675890869641602971e+06 4.067789008722563274e+06 4.471519552729493938e+06 4.877466963145346381e+06 5.301996779831060208e+06 5.721466574316984043e+06 6.094321320811895654e+06 6.391328235545607284e+06 6.578485740926546045e+06 6.608273315548205748e+06 6.386814947387485765e+06 5.946943213935211301e+06 5.298546600821938366e+06 4.457242607415988110e+06 3.470358621024828404e+06 2.422148388048239984e+06 1.422610327089248691e+06 6.121748459884898039e+05 1.301491274448363838e+05 7.118109533961363195e+04 4.346463554675936466e+05 1.090106286166318227e+06 1.769384168210551841e+06 2.136949231247884687e+06 1.950640714248418808e+06 1.250500195839521708e+06 4.367430438692515017e+05 7.491226440659511718e+04 4.295644442252167501e+05 1.087666941823829431e+06 1.241754764191434486e+06 6.438851057029938092e+05 1.126968318928173976e+05 4.225516630714276689e+05 8.750234776723717805e+05 4.838024118634241750e+05 1.375574066814036632e+05 5.687796159204950090e+05 4.388617191183281830e+05 1.656616963492733485e+05 4.720340812023270992e+05 1.796768727950081520e+05 3.285123000367899076e+05 1.921256630935202120e+05 2.724148907579594525e+05 1.639669641105337942e+05 2.265884800995513797e+05 1.758788394444842415e+05 1.583486204302035039e+05 1.618235046348326723e+05 1.486072558656423935e+05 1.350055015479073045e+05 1.255911458717970672e+05 1.181191426109280728e+05 1.116610748349892965e+05 1.028395413622866763e+05 9.094373257802404987e+04 9.054822499688595417e+04 8.149409198049978295e+04 7.744303343090403359e+04 7.079257953434478259e+04 6.676799965942010749e+04 6.188102189151405037e+04 5.698553954102662101e+04 5.354628855912257859e+04 4.998958737354331970e+04 4.615975673827004357e+04 4.315875906740497157e+04 4.009717539294790913e+04 3.754579224777607305e+04 3.476580516229137720e+04 3.228673670007200417e+04
1.566388141438772209e+03 7.153877291052641340e+03 1.912109469881928817e+04 2.710680454820169325e+04 2.345672020084353426e+04 1.936797279932666424e+04 3.973830695029071649e+04 8.441966087002053973e+04 1.118975887605377939e+05 9.901543783248131513e+04 9.455922439133623266e+04 1.464118038764929515e+05 2.279344744666603801e+05 2.604890654986691079e+05 2.317024079257773701e+05 2.329430526404534467e+05 3.241292520051986212e+05 4.456818930384328705e+05 4.853867558056580601e+05 4.446933722442997387e+05 4.753314868445426109e+05 6.384489763159295544e+05 8.032678423308770871e+05 8.190989335106526269e+05 7.408915210391773144e+05 7.858284191716352943e+05 9.850524314030871028e+05 1.130513454953571083e+06 1.104748763359839795e+06 1.022598930459846160e+06 1.101298459210172296e+06 1.340637863428974757e+06 1.475943311690409668e+06 1.321162000819793437e+06 1.479905497984547634e+06 1.682588841180815827e+06 1.908739676406577229e+06 2.159556920860750135e+06 2.435793828490649350e+06 2.737086549813517835e+06 3.060993338499029167e+06 3.406276784098110162e+06 3.768941888346160296e+06 4.142322649758388754e+06 4.516979895332781598e+06 4.880569117186550982e+06 5.246146137170201167e+06 5.586222659080727957e+06 5.856192130162560381e+06 6.024902134994499385e+06 6.058553102468147874e+06 5.914547845115821809e+06 5.516558244827630930e+06 4.909588809321079403e+06 4.123964290476318449e+06 3.203245420161202084e+06 2.225162225848441478e+06 1.299980923250187887e+06 5.539006570506504504e+05 1.149482166878027201e+05 6.941673800306020712e+04 4.137275857123567839e+05 1.018733891797583899e+06 1.639760109125641175e+06 1.968407341061850544e+06 1.784816758981766179e+06 1.133120002626399742e+06 3.880268828614858212e+05 6.920322718801500741e+04 4.101385645435286569e+05 1.016305663568950491e+06 1.142099706641854718e+06 5.795388721873475006e+05 1.014487892149482796e+05 4.028020531361901667e+05 8.088098003310742788e+05 4.330757751814716612e+05 1.300924203723035462e+05 5.326051232356881956e+05 3.946764789453798439e+05 1.593646468495326699e+05 4.422238651294190204e+05 1.635550843442725600e+05 3.119174975633201539e+05 1.744087781105413451e+05 2.534828682496161200e+05 1.499229971518581733e+05 2.072039191908776411e+05 1.636845822347439826e+05 1.451127790740652126e+05 1.483432001454869751e+05 1.369197298569956038e+05 1.243943420993489271e+05 1.156146372869326733e+05 1.087475870720868988e+05 1.026697056714846258e+05 9.409466641797772900e+04 8.366337226147962792e+04 8.386412451116745069e+04 7.446229370133226621e+04 7.149086293646838749e+04 6.509808626344229560e+04 6.138972133281150309e+04 5.692499472041253466e+04 5.245499713396972220e+04 4.948708345769296284e+04 4.584136903144403186e+04 4.248869984342103271e+04 3.963635518344568845e+04 3.693026279414434975e+04 3.454898923278636357e+04 3.197745854462325224e+04 2.977203533558871641e+04 2.759924942873309556e+04
1.675776486603851708e+03 7.653250438178627519e+03 2.045479333026329186e+04 2.899497837469753722e+04 2.508647430074111617e+04 2.070888273234946973e+04 4.249043587180508621e+04 9.026009658354835119e+04 1.196112773113759176e+05 1.057998102387686231e+05 1.009976644725156220e+05 1.563844497997351282e+05 2.434377870099915308e+05 2.781026467209886760e+05 2.472151491986311448e+05 2.484073863486744522e+05 3.456684839461640222e+05 4.752335935543121886e+05 5.172699676946914988e+05 4.734838307436436298e+05 5.058424452707174933e+05 6.794407317708770279e+05 8.546932236949118087e+05 8.708087267295140773e+05 7.867748277090757620e+05 8.340891300224415027e+05 1.045603373860789812e+06 1.199565810868010623e+06 1.170925176517406479e+06 1.082421995566828642e+06 1.165323486942389281e+06 1.418616495286575519e+06 1.560946043687335681e+06 1.395626635316645727e+06 1.560186450341733638e+06 1.769734851266792510e+06 2.002165993929468561e+06 2.258130355378416833e+06 2.537643653537518345e+06 2.839355094891043846e+06 3.159535912269670982e+06 3.495440187945692334e+06 3.841177772577978671e+06 4.187838946014799178e+06 4.523438484273970127e+06 4.832917881763639860e+06 5.125919554321663454e+06 5.371714851542901248e+06 5.524076351483358070e+06 5.552040492247337475e+06 5.425203437674036250e+06 5.110469788323609158e+06 4.555285903251022100e+06 3.821061136601466686e+06 2.962320259085034020e+06 2.051333615674239350e+06 1.190807587052367628e+06 5.025001279101705295e+05 1.019350949358764046e+05 6.753690220557831344e+04 3.938327666358860442e+05 9.573090691408941057e+05 1.522053487170450855e+06 1.814860629722054349e+06 1.635351994139706017e+06 1.028812612523676595e+06 3.458309487692930270e+05 6.418361718085415487e+04 3.899170932453462156e+05 9.495488000357181299e+05 1.051664573122458998e+06 5.229092493673504214e+05 9.193503193079614721e+04 3.836964188537001610e+05 7.482634165878781350e+05 3.886634902990373666e+05 1.233000798966826114e+05 4.983732890948649729e+05 3.552108692768855253e+05 1.521282067217383010e+05 4.138332347503299825e+05 1.495933561214008951e+05 2.958592949002514360e+05 1.596130327065713354e+05 2.376971918978623580e+05 1.375939513227826392e+05 1.896158338592934306e+05 1.523764374521896534e+05 1.332512427109284909e+05 1.361602572155293892e+05 1.262722870105672919e+05 1.147578866711201117e+05 1.065732957862369221e+05 1.002355451173761103e+05 9.448856360727302672e+04 8.622843279766340856e+04 7.716862073456989310e+04 7.764973632543340500e+04 6.820564237433594826e+04 6.601600725098601833e+04 5.995971506966431480e+04 5.650091404812555993e+04 5.242612903806516988e+04 4.837627833319499041e+04 4.575050985980716359e+04 4.209861635907749587e+04 3.916698919246724836e+04 3.645261042518923932e+04 3.404959408318116039e+04 3.179268175744284599e+04 2.944714538963427185e+04 2.747906974532017557e+04 2.542189497269323692e+04 2.375042013310383118e+04
1.630309358490861086e+03 7.445369177233628761e+03 1.989806665427867847e+04 2.820307918047721614e+04 2.439682433911070257e+04 2.013443701640186191e+04 4.131277623283465800e+04 8.775181027511259890e+04 1.162573735251695325e+05 1.027886365589620982e+05 9.807937079909685417e+04 1.518697076600688160e+05 2.363859873970234767e+05 2.699345645509548485e+05 2.397878416502867476e+05 2.408026132231271476e+05 3.351093242124813260e+05 4.606466294682083535e+05 5.010683320050933398e+05 4.582016545104734832e+05 4.892329257506065187e+05 6.571431050115535036e+05 8.264845900608606171e+05 8.412841104094330221e+05 7.591433629908389412e+05 8.043611209336328320e+05 1.008397919105646783e+06 1.156410044417704223e+06 1.127401864307855722e+06 1.040651359494100907e+06 1.119924924170071492e+06 1.363396555605288129e+06 1.499280405198420864e+06 1.338752118491308065e+06 1.493262298011022853e+06 1.689419800915473606e+06 1.905523576042189030e+06 2.141566764540492557e+06 2.396775172436404973e+06 2.668889978557403199e+06 2.953212938361568842e+06 3.245735780259964056e+06 3.539267001202977262e+06 3.823618799365380313e+06 4.085651154540255666e+06 4.309474891168517992e+06 4.501043457841391675e+06 4.630488224214459769e+06 4.656114049700912088e+06 4.552392627358090132e+06 4.298081114307301119e+06 3.875816563666422851e+06 3.263560682504433207e+06 2.534111820704667829e+06 1.758805903715200257e+06 1.024297434183132136e+06 4.341597273097095313e+05 8.856282385784063081e+04 5.357673555021667562e+04 3.261015895237494842e+05 8.032218466637746897e+05 1.284568368968075607e+06 1.531451358299186919e+06 1.385853173561250092e+06 8.780266212265884969e+05 2.981969780613258481e+05 5.110574430384968582e+04 3.189822859798401478e+05 7.963949491660613567e+05 8.967294794303057715e+05 4.522603263664661790e+05 7.572392296815211012e+04 3.157896618004774791e+05 6.365052056440436281e+05 3.370930864230299485e+05 9.788415185594733339e+04 4.193228169671616633e+05 3.082478934285590076e+05 1.214833027911367099e+05 3.550175608923801919e+05 1.269564105587723025e+05 2.535058392793062085e+05 1.370957472321292735e+05 2.050136767111146182e+05 1.144838575268905406e+05 1.636383517942563049e+05 1.272332029285315220e+05 1.111314535712770594e+05 1.156805077360548603e+05 1.070743640722815617e+05 9.670191526740815607e+04 8.951661957839860406e+04 8.379412237604093389e+04 7.853358939475991065e+04 7.241807034507751814e+04 6.618325015531768440e+04 6.517336574848154851e+04 5.781122242875781376e+04 5.572244363823191088e+04 5.067618074415269075e+04 4.773093485359086480e+04 4.436250130178932159e+04 4.123704780184700212e+04 3.872886721988513455e+04 3.546806653044083941e+04 3.316953909405474406e+04 3.086276611140325986e+04 2.887364234981969275e+04 2.679365856931107191e+04 2.484309277555828157e+04 2.320876538423583406e+04 2.148660639920381436e+04 2.006898793014906551e+04 1.873559207727007015e+04
2.172299280333959928e+02 9.920285058568864542e+02 2.651109601386704526e+03 3.757310883007035045e+03 3.249712723611141882e+03 2.681363656409585928e+03 5.501860272910221283e+03 1.168565144854803293e+04 1.547821888946273248e+04 1.367991865226592381e+04 1.304815377822449955e+04 2.020469593797781272e+04 3.144597970277119384e+04 3.589603649969729304e+04 3.186804593109582129e+04 3.198669133769096879e+04 4.451647005916811031e+04 6.118504743828576466e+04 6.651689389566644968e+04 6.077460111662196141e+04 6.485814972516603302e+04 8.711965082606274518e+04 1.095515793377448281e+05 1.114236054279565869e+05 1.004351920893372444e+05 1.063679195333475218e+05 1.333567500978506287e+05 1.528769394839296292e+05 1.488824011964964739e+05 1.372507965436691302e+05 1.476574439188506221e+05 1.797639081603589875e+05 1.975770140904955915e+05 1.762239259463697381e+05 1.961822595871615922e+05 2.214530519398460747e+05 2.491250180268620607e+05 2.791283618889054051e+05 3.112759981551201781e+05 3.451682638431430678e+05 3.800701638726999518e+05 4.153144541878573364e+05 4.498038020891387132e+05 4.820460034808240016e+05 5.101746351426459150e+05 5.320026562373919878e+05 5.480470082790590823e+05 5.544606399808862479e+05 5.462023079323268030e+05 5.205544742196633597e+05 4.757786449021690642e+05 4.112860480498792604e+05 3.271069996672480484e+05 2.341276824775868445e+05 1.432040952242049680e+05 6.649647093299779226e+04 1.654989693527420241e+04 2.827298657595047644e+03 2.742336889554648224e+04 8.110411081537255086e+04 1.421967283040452166e+05 1.816624707538574003e+05 1.757825333234067657e+05 1.226597388577965612e+05 4.970792204326287174e+04 5.819564128062089367e+03 2.439686728496276191e+04 8.358113386625309067e+04 1.131863347098416707e+05 7.079436419374376419e+04 1.183798249360585396e+04 2.401216485473566354e+04 7.497126277405957808e+04 5.505255402500824857e+04 8.047130597835277513e+03 4.158326421053339436e+04 4.932948125869192882e+04 9.083313937066579456e+03 4.202011068923944549e+04 2.067441410168975563e+04 2.488737353445063127e+04 2.267968398631635500e+04 2.135681867172256898e+04 1.519042669889588433e+04 2.222743688402900807e+04 1.221594095218080110e+04 1.419377482987094481e+04 1.536454464200682742e+04 1.301532804360113732e+04 1.167317355806236446e+04 1.122250537232259558e+04 1.067948762068992801e+04 9.579866962533993501e+03 7.966008623599211205e+03 7.592347359160048654e+03 8.530808011300046928e+03 6.685247281102065244e+03 6.980992581172914470e+03 6.074394825475259495e+03 5.823704989628151452e+03 5.407660585061053098e+03 5.074625790511897321e+03 4.824897755855608011e+03 4.259660546631984289e+03 4.049686090814330782e+03 3.774661584834785572e+03 3.558722263099556585e+03 3.247962531997133283e+03 3.009555249125945465e+03 2.826847618615550346e+03 2.612386905957916497e+03 2.451489593343181696e+03 2.289502453875513311e+03 2.127593268729567171e+03
1.242119678156904286e+02 5.671740065007857083e+02 1.515398586192760149e+03 2.146925258095950994e+03 1.855586346184024251e+03 1.529577373810453082e+03 3.138809131226200407e+03 6.664743817563389712e+03 8.819154213368030469e+03 7.781709626870620923e+03 7.409759868634457234e+03 1.147496424411082626e+04 1.785245105137976861e+04 2.034668876188981812e+04 1.801589428607145237e+04 1.804254330849185135e+04 2.511693111628718907e+04 3.450174560755967104e+04 3.741593315345342126e+04 3.405736139692382130e+04 3.626572157856378908e+04 4.871751658835343551e+04 6.121656956214069942e+04 6.204113691538465355e+04 5.565331284526039235e+04 5.881948352622778475e+04 7.376289233710042026e+04 8.442841938114052755e+04 8.183147651492654404e+04 7.500988097496268165e+04 8.058054939177408232e+04 9.811877336118757376e+04 1.075918589987746673e+05 9.548289853259292431e+04 1.053845960935508629e+05 1.177693566582704225e+05 1.309394223978136433e+05 1.447097167696348624e+05 1.588031494381600642e+05 1.728019410108411394e+05 1.860945602375136805e+05 1.980830789845897234e+05 2.079532550540226512e+05 2.147322045683449542e+05 2.173496405698244926e+05 2.147421681572856032e+05 2.070822985468226543e+05 1.930572367331754358e+05 1.715416678634065902e+05 1.430726796312444785e+05 1.093836433372588072e+05 7.353143499699440144e+04 3.980688401438216533e+04 1.444166561044467926e+04 2.170684445054345815e+03 5.297317685942436583e+03 2.218534315753845658e+04 4.632012649244672502e+04 6.705850258522348304e+04 7.333681077685383207e+04 5.982203361463751935e+04 3.246220611028539133e+04 8.091622203206172344e+03 4.060911745039913512e+03 2.215125207901819886e+04 4.162455802993466932e+04 3.749078863828491012e+04 1.367673738028989828e+04 4.295056113784319678e+03 2.166957907661188437e+04 2.866390078253342654e+04 9.618646413935359305e+03 8.300090684663975480e+03 2.183163130529440969e+04 9.072009805732770474e+03 9.685872766112543104e+03 1.478414218986097876e+04 5.766787372816579591e+03 1.274252569482519539e+04 5.854187776274693533e+03 9.870692801384608174e+03 6.394177645180909167e+03 6.579689576032357763e+03 6.692046331299371559e+03 5.395032752736578004e+03 5.065787010109439507e+03 4.886476299489791927e+03 4.543320842092386556e+03 4.204095800859246083e+03 3.887039454930875763e+03 3.535200315031833270e+03 3.274659604945221417e+03 3.269067685893968246e+03 2.868224557551507587e+03 2.741971919066716509e+03 2.503014693231588808e+03 2.367864318572280808e+03 2.186341653845126984e+03 2.046390287949544017e+03 1.897513067146209778e+03 1.738016591501459743e+03 1.654133049599616697e+03 1.522333258878232527e+03 1.421750262332392595e+03 1.323828146224263037e+03 1.238578991008509547e+03 1.145803035286324302e+03 1.067304834816286984e+03 9.912158629583124139e+02 9.227098771752328048e+02 8.597041213736167720e+02 8.016263404899168563e+02 7.484004843092089914e+02 6.911712020552918148e+02
1.336170487866621954e+02 6.100829076416890757e+02 1.629869279807894827e+03 2.308675259236971215e+03 1.994686930365328180e+03 1.643440403505344875e+03 3.372620092499916609e+03 7.160169701149990033e+03 9.470079460946097242e+03 8.349159255960319570e+03 7.943313571555282579e+03 1.230188147373804168e+04 1.913526936223929442e+04 2.179143148818600093e+04 1.926949521539790294e+04 1.927626463929277816e+04 2.683812534074902214e+04 3.685540257403119904e+04 3.991872737692146620e+04 3.626642343647057714e+04 3.857513081561835133e+04 5.182246030207642616e+04 6.509410046026068449e+04 6.585206076767962077e+04 5.892731461603442585e+04 6.221509166917069524e+04 7.803230512141161307e+04 8.924495645011754823e+04 8.629058162377824192e+04 7.886790989436068048e+04 8.466368107780565333e+04 1.031014868310397578e+05 1.129226903188353608e+05 9.995672480161636486e+04 1.098389760703055217e+05 1.221185253287953383e+05 1.349610364618909953e+05 1.481057266681920737e+05 1.611866214409196982e+05 1.736858939054606017e+05 1.848887045436864428e+05 1.940994346353263245e+05 2.004267315122091095e+05 2.028688419670266157e+05 2.004074025947058108e+05 1.921545139655851817e+05 1.784652840279110242e+05 1.585736693874582998e+05 1.322583937209929572e+05 1.011177427775089600e+05 6.806150527402813896e+04 3.722741385547489335e+04 1.354841476624297502e+04 2.036575068606571676e+03 4.973284830886232157e+03 2.081122347445238120e+04 4.337494881353136589e+04 6.277595618284924421e+04 6.864927214525874297e+04 5.599482403465439711e+04 3.038214136548677197e+04 7.569581889167030567e+03 3.776769137013155159e+03 2.058241545603504346e+04 3.866974674103160942e+04 3.482404407635943062e+04 1.270206955176030897e+04 3.993089807888928590e+03 2.017178990814508143e+04 2.674274366954656944e+04 8.974067885751957874e+03 7.749983696871133361e+03 2.037263932558345914e+04 8.464572296095782804e+03 9.030307942055404055e+03 1.377249406613832980e+04 5.376131501834815936e+03 1.187131359672114559e+04 5.457019068456495006e+03 9.214343462914121119e+03 6.037645721625267470e+03 6.216147820076380413e+03 6.321911333574003947e+03 5.097647390760643248e+03 4.757046064373597801e+03 4.545828065920034533e+03 4.225794854267747723e+03 3.910303632542544165e+03 3.615481049405618251e+03 3.288839216336169102e+03 3.046848547603001407e+03 3.041867960256071910e+03 2.668568183500186478e+03 2.551306883704656684e+03 2.328952426210876183e+03 2.203190068947750660e+03 2.034381921776469881e+03 1.904176775604804789e+03 1.765479168794440511e+03 1.617118094093120817e+03 1.539068507565937807e+03 1.416405961188119136e+03 1.322783118036723408e+03 1.231759342105465294e+03 1.152430371234403538e+03 1.066051607655111638e+03 9.929929858362918367e+02 9.222579298975224447e+02 8.585691646066082967e+02 7.999440154524435229e+02 7.458625102806760196e+02 6.962821856693635709e+02 6.432538030189704159e+02 5.955185187121356876e+02
1.435582897885896330e+02 6.554285172570733948e+02 1.750795193201450047e+03 2.479436513914321949e+03 2.141355553299780695e+03 1.763290930678829227e+03 3.618767385567701240e+03 7.681465953050143071e+03 1.015378412298122930e+04 8.943381492765509392e+03 8.500263141687401003e+03 1.316524145055539520e+04 2.047365483278756437e+04 2.329418423672379140e+04 2.056661844968802325e+04 2.054699837202269555e+04 2.861204509833124393e+04 3.927831052706602350e+04 4.248172266426749411e+04 3.850971845754563401e+04 4.090846617843597051e+04 5.496062395754732279e+04 6.900646218151658832e+04 6.966380098349599575e+04 6.216056804023790028e+04 6.554972684616505285e+04 8.222917621939681703e+04 9.395907218020214350e+04 9.059227225211428595e+04 8.251891028575092787e+04 8.850888962773969979e+04 1.077990520143935864e+05 1.179059226952902100e+05 1.040542911539548950e+05 1.137564276717189059e+05 1.257159659367720596e+05 1.379601290004951297e+05 1.501456102944476006e+05 1.618138719988461817e+05 1.723497385075378697e+05 1.809490802720452775e+05 1.868460032871412404e+05 1.891222119636813295e+05 1.868267497827539337e+05 1.791074689719763701e+05 1.654015818919936137e+05 1.464056749933951651e+05 1.221072047105192032e+05 9.335798270014367881e+04 6.283975140915931843e+04 3.440804256380841980e+04 1.264542740421599774e+04 1.907216443819869937e+03 4.662613632881576450e+03 1.950799521543674200e+04 4.063745595171103923e+04 5.871226020917885762e+04 6.418472162901637785e+04 5.234888085731897445e+04 2.840015061481475641e+04 7.072905486483849927e+03 3.526089028032221449e+03 1.911661413527188051e+04 3.588283247963929171e+04 3.230828065701436208e+04 1.177999437904212937e+04 3.705275246732139749e+03 1.872182151061833792e+04 2.484528710216557010e+04 8.357303020342355012e+03 7.226344800765541549e+03 1.899202076076563753e+04 7.886097086292473250e+03 8.418596854932025963e+03 1.282310129156295079e+04 5.002587568688874853e+03 1.104939039153897647e+04 5.077360380114206237e+03 8.575904578256708191e+03 5.641200538075423538e+03 5.853604325057254755e+03 5.966713197262601170e+03 4.810516229364626270e+03 4.488565131725538777e+03 4.264394766440890635e+03 3.926387357550510842e+03 3.632606512146448949e+03 3.358722766499280169e+03 3.055607993847298530e+03 2.831675396664932578e+03 2.826868392383268201e+03 2.479656426808580363e+03 2.371169799989520016e+03 2.164173348833598084e+03 2.047436283577091672e+03 1.890510680306384529e+03 1.769441721044321184e+03 1.640564463843004432e+03 1.502852783888612748e+03 1.430273397755369842e+03 1.316276228439231772e+03 1.229317125667633945e+03 1.144743307958201513e+03 1.070932844559504247e+03 9.906917743838596380e+02 9.228549116557587695e+02 8.571224602719127006e+02 7.978655618103571214e+02 7.433449470769699019e+02 6.931019462603933334e+02 6.470781672630711228e+02 5.978437659659928158e+02 5.532828430884385398e+02 5.266889886456631302e+02
1.543041395296887117e+02 7.044336021240296759e+02 1.881428867391146923e+03 2.663781923797293530e+03 2.299487071917070352e+03 1.892274382370923149e+03 3.883718884889603942e+03 8.242282305737138813e+03 1.088795607122399269e+04 9.579433609122446796e+03 9.094416327885741339e+03 1.408648687632819019e+04 2.190068656461256614e+04 2.489132135629501863e+04 2.193753700135047984e+04 2.188347626747392133e+04 3.047901179201096602e+04 4.182511339078716264e+04 4.516064381961134495e+04 4.083316800124345173e+04 4.331182094061102543e+04 5.819432511260022875e+04 7.303046091193120810e+04 7.354657874497436569e+04 6.540712663719306875e+04 6.887697572820981441e+04 8.642189996174167027e+04 9.864523005502941669e+04 9.479711447644863802e+04 8.600636369448053301e+04 9.216053694656337029e+04 1.122671158295429486e+05 1.225965600310832233e+05 1.078126240693080472e+05 1.171594949020374770e+05 1.285672296104673733e+05 1.399234855334043968e+05 1.507985548832602217e+05 1.606428979384369159e+05 1.687551490011910500e+05 1.742685005657301226e+05 1.763915900751425070e+05 1.742515743147448229e+05 1.670533354012648924e+05 1.542493073570882552e+05 1.357652188298696128e+05 1.127976951142051694e+05 8.624132962557596329e+04 5.805408067298777314e+04 3.179188420588622103e+04 1.169445293057305025e+04 1.780059204112050793e+03 4.370296182220583432e+03 1.828890017799929046e+04 3.809998868327734817e+04 5.502682500465295743e+04 6.005732604209131387e+04 4.897076205070436845e+04 2.656906279489910958e+04 6.617802380885535968e+03 3.297319729175079374e+03 1.785776669338078500e+04 3.334613627080507285e+04 2.999451290048053488e+04 1.093726858273765356e+04 3.438216150465601004e+03 1.737727433600047516e+04 2.306537986118941990e+04 7.765036351524775455e+03 6.736998895956523484e+03 1.771172128338265611e+04 7.355909729807288386e+03 7.848922370007145219e+03 1.195950242082341174e+04 4.658740131429910434e+03 1.028902663071037205e+04 4.727094971414289830e+03 7.986063754194411558e+03 5.251969688869867241e+03 5.460768288590629709e+03 5.627718230184599634e+03 4.541544584561740521e+03 4.237784625906335350e+03 4.026181465231779384e+03 3.684276453092534211e+03 3.376890858339555507e+03 3.121838185320830235e+03 2.840156374508220779e+03 2.632022864354881676e+03 2.628182102640436369e+03 2.305644746316076635e+03 2.204591957364420523e+03 2.012214730238191351e+03 1.903652618048954992e+03 1.757720751185296876e+03 1.645163700640721117e+03 1.525402078107574198e+03 1.397311530192011105e+03 1.329838413623748920e+03 1.223859615943287736e+03 1.143012606682280875e+03 1.064339880849227256e+03 9.957346980380846162e+02 9.211440181863439420e+02 8.580669309237597417e+02 7.969257661730410973e+02 7.418239209633900373e+02 6.911407296920421004e+02 6.444399380073172097e+02 6.016599340125624167e+02 5.558460324291531833e+02 5.144442241222748180e+02 4.897907709961839942e+02 4.450384267305265666e+02
1.658540948188706921e+02 7.570921469568377233e+02 2.021736380499340839e+03 2.861620243314664094e+03 2.468931967389807141e+03 2.030187619953902640e+03 4.167074119282131505e+03 8.841665891969487348e+03 1.167087702842383806e+04 1.025512915305926435e+04 9.723048391172138508e+03 1.506147352092808796e+04 2.340957840629765269e+04 2.657350796561607785e+04 2.337166084172649062e+04 2.327320419575614505e+04 3.242203518531722511e+04 4.447159834296172630e+04 4.792505326229789353e+04 4.320342767108317639e+04 4.574645181164425594e+04 6.147205671718720987e+04 7.709966804841381963e+04 7.742433161421297700e+04 6.858862533576964051e+04 7.211016029754676856e+04 9.050330444504755724e+04 1.031766060282600083e+05 9.876948568347792025e+04 8.919304744606610620e+04 9.546903202835404954e+04 1.163256725977546303e+05 1.267911205097859784e+05 1.110391474078556785e+05 1.198185893728138471e+05 1.303994930828701763e+05 1.405351203966987086e+05 1.497109767287858413e+05 1.572967937139119313e+05 1.625290945616703248e+05 1.645228106037232210e+05 1.625281428381653095e+05 1.558157024596719421e+05 1.438757461559370859e+05 1.266185276787310868e+05 1.046126322421718069e+05 7.967191467837068194e+04 5.363398045928042848e+04 2.937605578448317101e+04 1.080947692337296576e+04 1.646754558702310987e+03 4.091339784135448099e+03 1.714325534816284926e+04 3.571950951980298123e+04 5.159302879827081051e+04 5.629384632752505422e+04 4.582952175657595217e+04 2.486056761244402514e+04 6.193953651953483131e+03 3.082114019862101941e+03 1.669976776012849950e+04 3.116174418367844191e+04 2.788917493987928538e+04 1.015883342235683995e+04 3.190312069992501620e+03 1.612769970261632625e+04 2.141456032261967994e+04 7.211831152069651580e+03 6.265014628058289418e+03 1.651598142344090229e+04 6.863175855702667832e+03 7.316454116908760625e+03 1.115616738541989253e+04 4.342868850059171564e+03 9.585561676471934334e+03 4.400970139625052980e+03 7.437376159604695204e+03 4.889208737736793410e+03 5.085766956265966655e+03 5.254205845422655329e+03 4.283136525173779773e+03 4.001196554378743258e+03 3.801465525906653966e+03 3.478564180833832324e+03 3.168126777065676833e+03 2.902293007835474327e+03 2.640043355609745959e+03 2.446309045517096365e+03 2.442891448610283078e+03 2.143963089935875360e+03 2.049711600131867272e+03 1.871031609474252718e+03 1.770027582747650285e+03 1.634306883511136903e+03 1.529676835641150319e+03 1.418424466909486455e+03 1.299217672090747783e+03 1.236503566976944057e+03 1.137985414421882979e+03 1.062813164309890453e+03 9.895996925956571886e+02 9.258594704054346494e+02 8.565240300496634518e+02 7.978591936300629186e+02 7.409695060020056872e+02 6.897372859225836237e+02 6.426322801600625780e+02 5.992290116439610301e+02 5.594616263962228686e+02 5.167969312245729725e+02 4.783642064355368575e+02 4.554188358446267557e+02 4.137413945461938738e+02 3.704513809615401669e+02
1.782075447091997944e+02 8.133968499398068843e+02 2.171676570631316281e+03 3.072840819698178166e+03 2.649509108417348216e+03 2.176784899787696304e+03 4.468348839797689834e+03 9.478464954321634650e+03 1.250047308153465383e+04 1.096783509194839826e+04 1.038288657002246509e+04 1.608522738934750123e+04 2.499219173633045648e+04 2.832957477174662199e+04 2.485636512108261741e+04 2.470134250743070879e+04 3.442095083441158931e+04 4.718906590878496354e+04 5.073900981790745573e+04 4.558134047303756961e+04 4.816705327610422682e+04 6.473367870290008432e+04 8.113664456504177360e+04 8.120890681732111261e+04 7.161495083045490901e+04 7.515008825142891146e+04 9.435092136753220984e+04 1.074087600381096854e+05 1.023562537003990437e+05 9.192565664233868301e+04 9.826803789944211894e+04 1.197749438350618148e+05 1.302649684709980793e+05 1.135234827664793993e+05 1.214884478368950513e+05 1.309297220882477704e+05 1.394799539053713088e+05 1.465496732162441767e+05 1.514501915215186891e+05 1.533965600428338803e+05 1.515507985462482320e+05 1.452952703941495565e+05 1.341646087934631214e+05 1.180772899190965400e+05 9.754545711332096835e+04 7.388425524961685005e+04 4.954214896981930360e+04 2.713875980471167713e+04 9.990654155113708839e+03 1.522816325735355576e+03 3.784484937393369364e+03 1.603285842324047917e+04 3.347193023600829474e+04 4.835663815986753616e+04 5.277136755194672151e+04 4.295660408710678166e+04 2.327058084091908677e+04 5.799015213120389490e+03 2.877939188993113476e+03 1.560681689414754510e+04 2.913781640886810419e+04 2.607027290179519332e+04 9.456040513241210647e+03 2.957114784302550106e+03 1.495986621537499559e+04 1.987945314126803714e+04 6.700116366008820478e+03 5.807532034207657489e+03 1.535120046555881345e+04 6.402687154726356312e+03 6.815150260599894864e+03 1.040668174984987490e+04 4.046298037760067928e+03 8.938549094437115855e+03 4.096810320781148221e+03 6.925797166451528028e+03 4.549079560434734958e+03 4.735928484673595449e+03 4.891385102652858222e+03 3.999875685811285621e+03 3.771087348197104347e+03 3.588393531233230078e+03 3.283467210587360569e+03 2.990444921537953633e+03 2.722168544794809804e+03 2.453967023724087994e+03 2.273003559666000911e+03 2.269756688131629289e+03 1.992797358109206925e+03 1.905015118164845944e+03 1.739312375647705267e+03 1.645323459963810137e+03 1.519088373385519844e+03 1.421869830443118644e+03 1.318668586725658315e+03 1.207671720852468752e+03 1.149414449702735965e+03 1.057881918149440480e+03 9.880135275168310045e+02 9.198303667203581426e+02 8.606645154113837179e+02 7.962603022669443362e+02 7.417077561331036577e+02 6.887435882480003784e+02 6.411112615768980731e+02 5.973600878283583597e+02 5.570571772299215354e+02 5.201197289684589578e+02 4.803328501181111960e+02 4.447246710294174363e+02 4.233513047057855374e+02 3.844137165409337626e+02 3.438139475626470585e+02 3.519885020641041251e+02
1.916325085098705472e+02 8.745653490694282937e+02 2.334473097064737431e+03 3.301939049345069179e+03 2.844986860141914804e+03 2.335040725999983806e+03 4.793674538701997335e+03 1.016553005673158441e+04 1.339299912566337480e+04 1.173080132677768052e+04 1.108550913563876202e+04 1.717581025843751922e+04 2.667608613987289209e+04 3.018837326438711170e+04 2.641351210584473301e+04 2.618684674809820717e+04 3.650282610054643737e+04 5.001336892571431235e+04 5.363497783932053426e+04 4.798791837769956328e+04 5.059127821820539248e+04 6.800393227184854914e+04 8.517005433400723268e+04 8.491675038216549729e+04 7.448659516835867544e+04 7.799233659394830465e+04 9.796185408926854143e+04 1.113330254456919210e+05 1.055324901922464342e+05 9.416533316956693307e+04 1.005141146724779101e+05 1.225658075901353441e+05 1.329576522488964547e+05 1.151989410414112936e+05 1.220815806863739126e+05 1.300530037584764941e+05 1.366469038584840600e+05 1.412189654031628743e+05 1.430587537238849327e+05 1.414189261492802179e+05 1.355949554341347539e+05 1.252121735021880304e+05 1.102019375427190971e+05 9.104549710234612576e+04 6.895500602030397567e+04 4.599185964545970637e+04 2.509320389042733223e+04 9.241013902416347264e+03 1.409683686903843864e+03 3.492264981683335463e+03 1.484134494294673277e+04 3.132535369001138679e+04 4.535797061470571498e+04 4.950866975431997707e+04 4.031017998704219644e+04 2.183965983582768604e+04 5.438403787152197765e+03 2.689946449981650858e+03 1.459617966820140100e+04 2.726579066532194338e+04 2.440753930847546144e+04 8.856877220350936113e+03 2.745850830806123668e+03 1.388529275077389866e+04 1.846787549948570086e+04 6.231480415000558423e+03 5.387825145699111999e+03 1.425735438804802288e+04 5.958559566161590737e+03 6.352527095953517346e+03 9.714500119857302707e+03 3.774286562603619132e+03 8.340982033638476423e+03 3.822172136593265805e+03 6.456634458984211051e+03 4.236338626749295145e+03 4.414382728272915301e+03 4.556528044586865690e+03 3.726033572971961348e+03 3.523370729125795151e+03 3.385096869778451037e+03 3.101799235468754887e+03 2.825029955191038425e+03 2.571727155064113958e+03 2.303701374873032364e+03 2.113809212057718014e+03 2.110653993489772347e+03 1.853802022718155058e+03 1.771421669788639065e+03 1.618222620267906223e+03 1.530666596512691058e+03 1.413219339616557136e+03 1.322858435324830225e+03 1.226979940618717364e+03 1.123461584407579949e+03 1.069327529809726457e+03 9.842089469061396585e+02 9.191760544988892434e+02 8.556459376307193452e+02 8.007323175838206453e+02 7.408229504978748992e+02 6.900109684433655275e+02 6.406805197077133016e+02 5.964188309122273495e+02 5.557726593913931765e+02 5.182934917678115880e+02 4.839066046907856844e+02 4.467720749851476398e+02 4.137955834587215804e+02 3.938358100430174886e+02 3.574923906175764614e+02 3.203000281727036054e+02 3.278123815502270872e+02 3.747401625539843621e+02
2.058592620982917651e+02 9.393596388630282945e+02 2.506787557772034233e+03 3.544111407743487689e+03 3.051093386561961324e+03 2.501299191432867701e+03 5.135578019657827099e+03 1.088682162741731736e+04 1.432647251949633574e+04 1.252353469763534667e+04 1.181037551941178026e+04 1.830155712487889832e+04 2.841147370925767973e+04 3.209067059629812866e+04 2.798711975248470480e+04 2.767091772110047168e+04 3.858652387215458293e+04 5.283187104457562236e+04 5.648498003535603493e+04 5.029911307376747573e+04 5.288315411136081821e+04 7.110142272307793610e+04 8.897008514393333462e+04 8.830484919191773224e+04 7.697475796007466852e+04 8.039221618428290822e+04 1.010321738957303169e+05 1.145983859917405789e+05 1.079479024732557591e+05 9.558278955218745978e+04 1.018547547650457855e+05 1.242733214388106717e+05 1.344019054968908022e+05 1.156480469448270742e+05 1.211455274325179344e+05 1.272879604836254439e+05 1.315497286337784608e+05 1.332670384037787444e+05 1.317635959070800163e+05 1.264106427976632694e+05 1.167441300111515739e+05 1.027555134961565782e+05 8.489815813687848276e+04 6.430631991712174204e+04 4.288974434293357626e+04 2.328375182001243229e+04 8.540067162639783419e+03 1.303052023474681846e+03 3.218145431113166978e+03 1.369002151862799656e+04 2.896716794682185355e+04 4.240481818035057950e+04 4.640368474824138684e+04 3.779275857820038073e+04 2.048505311209111096e+04 5.104771336263452213e+03 2.509698339521428352e+03 1.363464705338076783e+04 2.548934301666102692e+04 2.283208289886214698e+04 8.292708735941272607e+03 2.558778335024933313e+03 1.288425414817678757e+04 1.714291148340633663e+04 5.790575885250307692e+03 4.990523618735483979e+03 1.323013615095366185e+04 5.536196279477409917e+03 5.899478640597205413e+03 9.060507402453005852e+03 3.514980134861584702e+03 7.778162235625553876e+03 3.560980226350088287e+03 6.021562734325370911e+03 3.941231628887190254e+03 4.110674171924186339e+03 4.241353584700684223e+03 3.467270769994550392e+03 3.279526229506437630e+03 3.158677338034089644e+03 2.923540221480607215e+03 2.666199062544446406e+03 2.427388215083391060e+03 2.174607353634348328e+03 1.982304419562312205e+03 1.960979501626625279e+03 1.722898303262373929e+03 1.645503830443928791e+03 1.503675900793110941e+03 1.422550255433754501e+03 1.313351738375336026e+03 1.229416913769529856e+03 1.140573268521598038e+03 1.044136597821725900e+03 9.938672782691140810e+02 9.148166273665516428e+02 8.543853299339168643e+02 7.951802254426119134e+02 7.442436323319567464e+02 6.886229602808946311e+02 6.413726529228290474e+02 5.954225669427178218e+02 5.542749648781357337e+02 5.165422344773467103e+02 4.817599387343910848e+02 4.498317304461274944e+02 4.151645311159361995e+02 3.846703164423668113e+02 3.660410897295445238e+02 3.320366597004737059e+02 2.983881644227922152e+02 3.066365573762109875e+02 3.468009239568038993e+02 2.694616268530186289e+02
2.214241218230994832e+02 1.010218321441367152e+03 2.695086084876194036e+03 3.808399546593920149e+03 3.275449462208468049e+03 2.681624764354102354e+03 5.506550669212212597e+03 1.166858588269739084e+04 1.533439704477453779e+04 1.337382148797421542e+04 1.258227596869514309e+04 1.950108932847735196e+04 3.025758540308687225e+04 3.409991730378728971e+04 2.962759407038390782e+04 2.919953671176335047e+04 4.073720065966674883e+04 5.573210382366934937e+04 5.937429145635600435e+04 5.257994535879815521e+04 5.510530756766579725e+04 7.411220284846988216e+04 9.264158840120935929e+04 9.146208679497509729e+04 7.914022478992278047e+04 8.240835916885783081e+04 1.036398816654210386e+05 1.172879324037550541e+05 1.096636555612465891e+05 9.621696730350104917e+04 1.023320591178109462e+05 1.249549582165055181e+05 1.346555643250740541e+05 1.149118483247677359e+05 1.187247925406401773e+05 1.227010518680546666e+05 1.243062987084615306e+05 1.229079232572252658e+05 1.179373362343623739e+05 1.089822591957094846e+05 9.593563777792229666e+04 7.927092732160983724e+04 6.004907569459115621e+04 4.005769566022181243e+04 2.174805870987938033e+04 7.942955792225974619e+03 1.207085436428755656e+03 2.970926398349980445e+03 1.264533202581019759e+04 2.676670277573316707e+04 3.926555425447865127e+04 4.343807928451899352e+04 3.547899324973965849e+04 1.924043977129965060e+04 4.800436423671174452e+03 2.349463985091338145e+03 1.275419698538997909e+04 2.385731801932424423e+04 2.138515470217214533e+04 7.776675319568219493e+03 2.393119334959273601e+03 1.203757286616166493e+04 1.595381272957377041e+04 5.390750595860084104e+03 4.629676738703847150e+03 1.229080171039212655e+04 5.152940307550145917e+03 5.473929379095374316e+03 8.432443304470949442e+03 3.279319663574220613e+03 7.260350199844635426e+03 3.323875019899364816e+03 5.621860081511243152e+03 3.676192034543728369e+03 3.835688009863412844e+03 3.951931381600953500e+03 3.230828336028430840e+03 3.056985319730217270e+03 2.944076934355892263e+03 2.731623937412529813e+03 2.516388088328940739e+03 2.294040021397725013e+03 2.055102747964317587e+03 1.872777083478390068e+03 1.841136009357552439e+03 1.603769157486564382e+03 1.530394918582593618e+03 1.399091287752160042e+03 1.323475272242223809e+03 1.222193089763540684e+03 1.144225735956399149e+03 1.061687123852246032e+03 9.716353245200846231e+02 9.249236105130943315e+02 8.514014578885271476e+02 7.951164714345585480e+02 7.399069533727091539e+02 6.926594217808158191e+02 6.409027032725833806e+02 5.968537829749448065e+02 5.540297642392785065e+02 5.158062336356548485e+02 4.807583485903850260e+02 4.484009936534732219e+02 4.186509079284784889e+02 3.862566108900783775e+02 3.580609311474335072e+02 3.406087905022167774e+02 3.088633709553715221e+02 2.782442473152379421e+02 2.857013852949096417e+02 3.184425102450102258e+02 2.522044815181453430e+02 2.076697638840988418e+02
2.380568431853085372e+02 1.085897186993431205e+03 2.895995441488983943e+03 4.089906923847770031e+03 3.513632735915757166e+03 2.872160501751864103e+03 5.898725087916533994e+03 1.249384973816653655e+04 1.639313665808940277e+04 1.425912344281522746e+04 1.337820429728314957e+04 2.073902723470538331e+04 3.215860988525491121e+04 3.614884432510031911e+04 3.127027625491274011e+04 3.070418124630714374e+04 4.286062908653412887e+04 5.858310406575904926e+04 6.215313981385932129e+04 5.468444116842412768e+04 5.709795701583167829e+04 7.682393296391546028e+04 9.591585200088255806e+04 9.410530467420912464e+04 8.071875650687256712e+04 8.376066237901686691e+04 1.054383605965297174e+05 1.190037718411136884e+05 1.102896746177136374e+05 9.571073775172187015e+04 1.015685246386382059e+05 1.241574747022373194e+05 1.332274533511155169e+05 1.125657421112771117e+05 1.143935857830189198e+05 1.158915769530793186e+05 1.145908094232614822e+05 1.099596773760871001e+05 1.016293680087402900e+05 8.951364892908395268e+04 7.397299410617692047e+04 5.604146831143416784e+04 3.738713510723097716e+04 2.030260720231415689e+04 7.416227203278275738e+03 1.122895069208725090e+03 2.743300857941106187e+03 1.168044783834225564e+04 2.472741304068973113e+04 3.627984875153820030e+04 4.020657770845646155e+04 3.319253839059683378e+04 1.805783186244822355e+04 4.508329912854360373e+03 2.200846199274381433e+03 1.194911296159092126e+04 2.232706336386245675e+04 2.001756805358753991e+04 7.284639720761944773e+03 2.237256919185088009e+03 1.125786402069537507e+04 1.492082858380713697e+04 5.022859082766763095e+03 4.294472267418569572e+03 1.141331316271361175e+04 4.790336040098081867e+03 5.078791277247827566e+03 7.834086880038397794e+03 3.049950871448399994e+03 6.773162548572325250e+03 3.100648296055182072e+03 5.246107105546191633e+03 3.428221868986564914e+03 3.579780232505993808e+03 3.682288413034984842e+03 3.009139066523117890e+03 2.847836224016421056e+03 2.742573430950001239e+03 2.544523298625712869e+03 2.350357855104053215e+03 2.164186734000862089e+03 1.941218833131570136e+03 1.768612088479236718e+03 1.738796754357959799e+03 1.505826451632493672e+03 1.422958401025498233e+03 1.301026998604907021e+03 1.230599978997841845e+03 1.136478569754272485e+03 1.064293477726112997e+03 9.876706976050327285e+02 9.037415410478246258e+02 8.603261199580640550e+02 7.919711040284430510e+02 7.396009818210212643e+02 6.881689727595036175e+02 6.443041257253980802e+02 5.961783353415656848e+02 5.551697166688215930e+02 5.152912414903867102e+02 4.797634217242974159e+02 4.471994266183327227e+02 4.171174483097848906e+02 3.894357222141029524e+02 3.592219200230929914e+02 3.331024067541100635e+02 3.167973440928458331e+02 2.871935965565645006e+02 2.592022690671986993e+02 2.662632032060312213e+02 2.934616693506997649e+02 2.356409566357958170e+02 1.936737887677151946e+02 1.914708076577747136e+02
2.557556549896787033e+02 1.166375101685348000e+03 3.109396817028903115e+03 4.388315602317472440e+03 3.765126818883468331e+03 3.072213157402412435e+03 6.310739708031047485e+03 1.335938421938110332e+04 1.749694082545310812e+04 1.517226476509507665e+04 1.418941770210612958e+04 2.200215860369974325e+04 3.409305457605508127e+04 3.820848676007609902e+04 3.288336432847366086e+04 3.214856452002465812e+04 4.490778013073417969e+04 6.131578684675008117e+04 6.473766275552377192e+04 5.652540738407422032e+04 5.876378378089262696e+04 7.910892145589429128e+04 9.863060608320438769e+04 9.605922250748817169e+04 8.154393448057651403e+04 8.427409049657042488e+04 1.062137959838207171e+05 1.195015665245716518e+05 1.095893841918389080e+05 9.385436019096161181e+04 9.934826038324908586e+04 1.216252864847226010e+05 1.298479261799339001e+05 1.083915025225022837e+05 1.079755796557570284e+05 1.067668831322226033e+05 1.024561916435720923e+05 9.469867535723296169e+04 8.342677665322604298e+04 6.898312796922211419e+04 5.226925746230913501e+04 3.487731796978235798e+04 1.894340563809145897e+04 6.923646549656741627e+03 1.048633089820667010e+03 2.534568843586463572e+03 1.077969294299089597e+04 2.282742400268640267e+04 3.349862037484968459e+04 3.713355999209554284e+04 3.070708433750000040e+04 1.688435544784611920e+04 4.233246136535503865e+03 2.058502127766078956e+03 1.118997410543158912e+04 2.091639838996589242e+04 1.873450889055847074e+04 6.821949328710065856e+03 2.088491578966977613e+03 1.051935540469262924e+04 1.395817925121791450e+04 4.702494706741541449e+03 3.980014438731642258e+03 1.059243423400612301e+04 4.451621160906833211e+03 4.706913402915777624e+03 7.275516917904734328e+03 2.827889613190035561e+03 6.296328219780598374e+03 2.888755834379638145e+03 4.893437868076971426e+03 3.193914688748914159e+03 3.339298411289684736e+03 3.433102885730711478e+03 2.801542220344932957e+03 2.651150053874458536e+03 2.553255321003540303e+03 2.368740987696555294e+03 2.187991293880085323e+03 2.020376142033521774e+03 1.830467985943058693e+03 1.669194036943725905e+03 1.640963735975579311e+03 1.421825247803088587e+03 1.334128389607191366e+03 1.209293344406186179e+03 1.143491698345536179e+03 1.055961651754556897e+03 9.889865216908243610e+02 9.182199132719075578e+02 8.400590545192992522e+02 7.997309614510793381e+02 7.362430988537581698e+02 6.875684132412221743e+02 6.396328221159501481e+02 5.989396276395641507e+02 5.542520543804217823e+02 5.161082698281568355e+02 4.789607805624007710e+02 4.459331414737119985e+02 4.156997004811092893e+02 3.877746799456463691e+02 3.620592648851098829e+02 3.338579583652200427e+02 3.097138265787914406e+02 2.944631382128016526e+02 2.667965326125236061e+02 2.415883337807362352e+02 2.489984431587526501e+02 2.691305241078372887e+02 2.205608086908001439e+02 1.802585549919232051e+02 1.778164490373912940e+02 1.640190556393874317e+02
2.750555961429573699e+02 1.254075444325630315e+03 3.341670938985224439e+03 4.712439486206852052e+03 4.037184800623693263e+03 3.287357613636455881e+03 6.754126794592282749e+03 1.428916613415581196e+04 1.867530673297380417e+04 1.613610109729410397e+04 1.503479656950728895e+04 2.332021432150368128e+04 3.610575664465627779e+04 4.032319326083311898e+04 3.449681860195549962e+04 3.355595508602111659e+04 4.691326633483022306e+04 6.397502811314586870e+04 6.716287715164563269e+04 5.811804373443643271e+04 6.011189731452320848e+04 8.098377459082644782e+04 1.008036697681080841e+05 9.732442384554422460e+04 8.160068545322613500e+04 8.393261158413431258e+04 1.059540093123536790e+05 1.187662644973637507e+05 1.075441057476082351e+05 9.063553611766135145e+04 9.566914256336195103e+04 1.173649555884063448e+05 1.245347979275533871e+05 1.024269265930515248e+05 9.958362079449190060e+04 9.556761982445004105e+04 8.833673952658663620e+04 7.782714639413142868e+04 6.436830434531741776e+04 4.880216693036377546e+04 3.257082359180564526e+04 1.769724802983169502e+04 6.471714711571197768e+03 9.813364413211314741e+02 2.361247611989137113e+03 9.986282767739407063e+03 2.109525530566114321e+04 3.096356969255833610e+04 3.433169996427567094e+04 2.840072457103922352e+04 1.564131247116315353e+04 3.963160760654494425e+03 1.927922825982451059e+03 1.048930823719660839e+04 1.962215750680116616e+04 1.758300555718435862e+04 6.400503357223422427e+03 1.952646565318497551e+03 9.838353035004207413e+03 1.307111057637169506e+04 4.410935038333534067e+03 3.713756773090561182e+03 9.851099467663963878e+03 4.143547104409763051e+03 4.366747079228810435e+03 6.763739352775021871e+03 2.626307966466868038e+03 5.850190710465029042e+03 2.688213331222091256e+03 4.567798188008726356e+03 2.979189655442348339e+03 3.118867540245946657e+03 3.203650575339503575e+03 2.614050707215864350e+03 2.472156263151177882e+03 2.379617524421506914e+03 2.207444783417862709e+03 2.039051052584428589e+03 1.882990417722852044e+03 1.710455066517298064e+03 1.574963157964186394e+03 1.550343036625559535e+03 1.344071473503679954e+03 1.260285755438438855e+03 1.135773792170571596e+03 1.063886267380021991e+03 9.822772608136692725e+02 9.200522116199193761e+02 8.544120739539206397e+02 7.816540370029150608e+02 7.441993553063726949e+02 6.851650010303137606e+02 6.398365172651232342e+02 5.951283360185605034e+02 5.573834555909637629e+02 5.158143310209801484e+02 4.802599076395424049e+02 4.456363011032077566e+02 4.149511686670408608e+02 3.868692385203058848e+02 3.608965884563073132e+02 3.369408987503617254e+02 3.105932663624404313e+02 2.882810959237263546e+02 2.739662424298057886e+02 2.481601023075704120e+02 2.253676740256921676e+02 2.320833506152177961e+02 2.462521408079707328e+02 2.065419573005264340e+02 1.681601403395115142e+02 1.653128290247975656e+02 1.526683161308969261e+02 1.410989134105444123e+02
2.954166234324094944e+02 1.346515170754934616e+03 3.586102079737547228e+03 5.052570119323192557e+03 4.321105992033491020e+03 3.510085235005768482e+03 7.213561924070103487e+03 1.525023780964903744e+04 1.988282648334473924e+04 1.710808661652320006e+04 1.587170123498337307e+04 2.462765301469808765e+04 3.809378548925444920e+04 4.237102081013361749e+04 3.599672004965395899e+04 3.480871881735232455e+04 4.871529705382951215e+04 6.633762473749482888e+04 6.918080567584375967e+04 5.923132433252727787e+04 6.089704285761772189e+04 8.212370864681915555e+04 1.020283010747671651e+05 9.749308904443521169e+04 8.053531308592745336e+04 8.237564902606984833e+04 1.042130806806358451e+05 1.163000516542201367e+05 1.037092250941964157e+05 8.569836954861109552e+04 9.017226247002797027e+04 1.109447048432320880e+05 1.168505597326360003e+05 9.435660750152521359e+04 8.902885497160900559e+04 8.229932235107393353e+04 7.251439950482307177e+04 5.998054095539025730e+04 4.548895549783822207e+04 3.038001055521959279e+04 1.651276907608617330e+04 6.043724746774473715e+03 9.167888585626453732e+02 2.194845521917499809e+03 9.296861727896977754e+03 1.953022749711049255e+04 2.858330120979524145e+04 3.170178103329545775e+04 2.623619585745091172e+04 1.445989823841403449e+04 3.670138155160409951e+03 1.799264526775350987e+03 9.816890270594407411e+03 1.838478431298394207e+04 1.648936180101707578e+04 6.009496249073171384e+03 1.821280607153805249e+03 9.187998561988559231e+03 1.222732360091626470e+04 4.132938627871556491e+03 3.463713042111046434e+03 9.203146091087204695e+03 3.860325105276996965e+03 4.043747321210087648e+03 6.282025025546015058e+03 2.433484784254809711e+03 5.430587157480959831e+03 2.492403367941009492e+03 4.246451113254441225e+03 2.773982604265971077e+03 2.909310069466092045e+03 2.986660024812150823e+03 2.435997543951392345e+03 2.304405923873238862e+03 2.216018894573850048e+03 2.054578785507664179e+03 1.897850004010958173e+03 1.752854758287917775e+03 1.592459812518343369e+03 1.469364851607168021e+03 1.460746034084304938e+03 1.269031471620887032e+03 1.189027488176540146e+03 1.071987250319729128e+03 9.977916925995884867e+02 9.126273337783799207e+02 8.547159243375975848e+02 7.939916010186877884e+02 7.262366389602498202e+02 6.916356867953616074e+02 6.368618813989650107e+02 5.947432650161300671e+02 5.530370752844331719e+02 5.180505215823197886e+02 4.794781344433462209e+02 4.464064315664961100e+02 4.141334810937365773e+02 3.856114705614778586e+02 3.595564415003900649e+02 3.354627703408197021e+02 3.132127820867609671e+02 2.885928910721089551e+02 2.680310048236742091e+02 2.545813173431116070e+02 2.304464216500342957e+02 2.103321337615367952e+02 2.175025409525721329e+02 2.241544587416779848e+02 1.936478482122987828e+02 1.566685140313105364e+02 1.534170980178724619e+02 1.419227512858703619e+02 1.311601108442543193e+02 1.218648188038848730e+02
3.176410074802616919e+02 1.447325963248757489e+03 3.852242736518036054e+03 5.421880565255114561e+03 4.627697862256108237e+03 3.748671307562053698e+03 7.706178416118733367e+03 1.627818538511096267e+04 2.116315521296824227e+04 1.812193278369974723e+04 1.672798497938189030e+04 2.596845615516643011e+04 4.012355129340578424e+04 4.441803479731337575e+04 3.742870805930523056e+04 3.594392037544521008e+04 5.036899131011783174e+04 6.847619323856281699e+04 7.085368334860373579e+04 5.990329871860953426e+04 6.115412820318945160e+04 8.258276269847789081e+04 1.023704910588459898e+05 9.661970331146192621e+04 7.839139714449200255e+04 7.965778977684897836e+04 1.010695100649710803e+05 1.121989893348672194e+05 9.819801622510475863e+04 7.918260082972238888e+04 8.302949057649831229e+04 1.025805559832782455e+05 1.070592037693037710e+05 8.447319704784193891e+04 7.676730904670037853e+04 6.764900686136893637e+04 5.596425244254139398e+04 4.245091939427440229e+04 2.836328418449720630e+04 1.543041743418172155e+04 5.652725082722711704e+03 8.591422065945511122e+02 2.041791897729659922e+03 8.662583460524063412e+03 1.821077487636711521e+04 2.650741840732117271e+04 2.930805096362122640e+04 2.426693223017813943e+04 1.338686682184692108e+04 3.404972580517939150e+03 1.663083281051428003e+03 9.180641833241515997e+03 1.724316028910350724e+04 1.548397730210128975e+04 5.654131257181416913e+03 1.703826208508889295e+03 8.588958326040219617e+03 1.145189553803085801e+04 3.880657091159836909e+03 3.232784671980221901e+03 8.613656978582986994e+03 3.622401926868043120e+03 3.749244634746153224e+03 5.842276896145760475e+03 2.258731774810964907e+03 5.046399044099647654e+03 2.315001107368936118e+03 3.947205700319133939e+03 2.579281055284175181e+03 2.717510818063537045e+03 2.786872136106504513e+03 2.272779457698133683e+03 2.151255601306430435e+03 2.068394996434542009e+03 1.915409216508828194e+03 1.768596653900730189e+03 1.633705362246071218e+03 1.484288035558963657e+03 1.368791025551921166e+03 1.364627131640970902e+03 1.198216273071900105e+03 1.122997973799573401e+03 1.013144318332626654e+03 9.427747603386114861e+02 8.568103007324458531e+02 7.952319222185574290e+02 7.388315423484179973e+02 6.755021649286076126e+02 6.433983129317813336e+02 5.926667585403840803e+02 5.534615766967785930e+02 5.145015729560836917e+02 4.820966366969943806e+02 4.462421048725950641e+02 4.153977199827254481e+02 3.852830167546320013e+02 3.587937441864228845e+02 3.346151142570219008e+02 3.122189579968214161e+02 2.914867180470439507e+02 2.684422471328203414e+02 2.495278685306042519e+02 2.368044984925202812e+02 2.142855791501879139e+02 1.966319884548050254e+02 2.031798182407503930e+02 2.023141797841961420e+02 1.818008793024109195e+02 1.464508138318252009e+02 1.424963653046215200e+02 1.321618114184983597e+02 1.221125400679213726e+02 1.134055997443946779e+02 1.062639356629745464e+02
3.414557594010242383e+02 1.555231000436989689e+03 4.136537588345172480e+03 5.814992603866099671e+03 4.951771233486824713e+03 3.998257414101306495e+03 8.222158646642770691e+03 1.735144614347395691e+04 2.248472358742470169e+04 1.914567211316986140e+04 1.756980895779651109e+04 2.729113604564759225e+04 4.211348358927738445e+04 4.636420488292530354e+04 3.869559997881858726e+04 3.685985820678711025e+04 5.173611484975917847e+04 7.020007466237709741e+04 7.196875308508210583e+04 5.993747777598539687e+04 6.067936715015375376e+04 8.209472633719067380e+04 1.014997947442744189e+05 9.438749900029848504e+04 7.491818112607576768e+04 7.554046755462833971e+04 9.623048738974395383e+04 1.061516942791352340e+05 9.078478562783851521e+04 7.097828972688083013e+04 7.415752799046007567e+04 9.216793938434519805e+04 9.510195638652858906e+04 7.284309108985331841e+04 6.309308804841557139e+04 5.220451732594129862e+04 3.960681249355811451e+04 2.647022248430902255e+04 1.440934435381285766e+04 5.285675444990070901e+03 8.040153254246711185e+02 1.899068730331489405e+03 8.070813381314263097e+03 1.697875146009118544e+04 2.472351970138803517e+04 2.719077367840011721e+04 2.243957280796481427e+04 1.238804024094233318e+04 3.156651364567436303e+03 1.531505913175885325e+03 8.489969710814799328e+03 1.613313460696043330e+04 1.453656169202889942e+04 5.317608615396758978e+03 1.594458115271100951e+03 8.041491201849696154e+03 1.072675972197539159e+04 3.642414378597507948e+03 3.016958398273852254e+03 8.060709329010858710e+03 3.399150911815391737e+03 3.495749106006312559e+03 5.440475191850928240e+03 2.095845735172303193e+03 4.688304995186494125e+03 2.149227223259256334e+03 3.668230798319244968e+03 2.393134897162231482e+03 2.529175063182487975e+03 2.599771017758816470e+03 2.120061144436259838e+03 2.007722131990345133e+03 1.930315003257030867e+03 1.787164386741175576e+03 1.648446779309183739e+03 1.522319105955777331e+03 1.383188995818937428e+03 1.274879813727242208e+03 1.271014795087054608e+03 1.119923976336520582e+03 1.059173815643262515e+03 9.572905743007561341e+02 8.905922756366578596e+02 8.093470632959190425e+02 7.464721080487726113e+02 6.874575525670659317e+02 6.281853991967473121e+02 5.983559540226763147e+02 5.512816995033385865e+02 5.149227397697436572e+02 4.785565445704238527e+02 4.485327198318124715e+02 4.152190967664013215e+02 3.864679235277538965e+02 3.583744621645979578e+02 3.337676708239129084e+02 3.113288005738362472e+02 2.905163589507402548e+02 2.712074573658486543e+02 2.496552853767373108e+02 2.322547074785232724e+02 2.202134419439096860e+02 1.992246594316462449e+02 1.838137232281468130e+02 1.898474828148934819e+02 1.825043054613595928e+02 1.704251603676999594e+02 1.368793946938249633e+02 1.323151526035715619e+02 1.230170619147770168e+02 1.136630775585202144e+02 1.055075630665867976e+02 9.889012471668304727e+01 8.873950132242637778e+01
3.668556017999574124e+02 1.670167520932519892e+03 4.438635741326576863e+03 6.230975869700650037e+03 5.291838943417724295e+03 4.256890066742204908e+03 8.757691286500146816e+03 1.846103531795881281e+04 2.383189724021258371e+04 2.016050947582273875e+04 1.837526044741593068e+04 2.856296223280659251e+04 4.401099160229500558e+04 4.814155856995042996e+04 3.972785523726863175e+04 3.748289339287762414e+04 5.271826513485992473e+04 7.137384149940568022e+04 7.237515678731394291e+04 5.919819577135860163e+04 5.933835248841227440e+04 8.048779693231594865e+04 9.920660226539173163e+04 9.061474144077331584e+04 7.000356314306164859e+04 6.994023530576130725e+04 8.959513537887684652e+04 9.807304852882958949e+04 8.148822341553539445e+04 6.122650374730408657e+04 6.374513685970080405e+04 7.992243015222527902e+04 8.127784821080348047e+04 5.986945127963022242e+04 4.867554023617316125e+04 3.694001175137706741e+04 2.469648510025450378e+04 1.345126008140076920e+04 4.940593068892965675e+03 7.530298248802170065e+02 1.764185247869004115e+03 7.512950990590332367e+03 1.582055945655534379e+04 2.305010463472647098e+04 2.536034310455877130e+04 2.082680205375099831e+04 1.146112596862679129e+04 2.925748248259532375e+03 1.408478549226868836e+03 7.826088905134788547e+03 1.492310053726498154e+04 1.360363419773387795e+04 5.001597113970990904e+03 1.490243696610908273e+03 7.527044200676828041e+03 1.006194035842479934e+04 3.420649352782430014e+03 2.812114823818337300e+03 7.540159472978190934e+03 3.189631063753687158e+03 3.260831420843915112e+03 5.093321416829442569e+03 1.944737985248297718e+03 4.354463574408503518e+03 1.993988255177119981e+03 3.408489565638771637e+03 2.218760210699884283e+03 2.350738698687563556e+03 2.417110309084281653e+03 1.976268583924612130e+03 1.872910165861835367e+03 1.800687370292052492e+03 1.666906086464306327e+03 1.537421857114878094e+03 1.418531857786979799e+03 1.288557127487878006e+03 1.186886492378248249e+03 1.183194906345712752e+03 1.043706880675183811e+03 9.886487287474616323e+02 9.029076642278639611e+02 8.409165974133184136e+02 7.641331338025800051e+02 7.048318412360955563e+02 6.452770319087330790e+02 5.840310685623013569e+02 5.562215483566972125e+02 5.125494831214349460e+02 4.787687355616354807e+02 4.449055128143085085e+02 4.171210538672077064e+02 3.862037344844535482e+02 3.594163382956238593e+02 3.331993635780078762e+02 3.103426316257337021e+02 2.895332337855518290e+02 2.702114438317829013e+02 2.522380433647112170e+02 2.320751751838568566e+02 2.161187699476705291e+02 2.046676579500345667e+02 1.851125395841805243e+02 1.720460834710239055e+02 1.777803944347751894e+02 1.633561719783307637e+02 1.597717352405317683e+02 1.280455524179810141e+02 1.227447439338415904e+02 1.144244248909744783e+02 1.057550311080043883e+02 9.813285298493569542e+01 9.189706353317295395e+01 8.268425592732782548e+01 8.348772628294594256e+01
3.941024023894241282e+02 1.793280105438154351e+03 4.761353333862824002e+03 6.673249423975130412e+03 5.649960469926116275e+03 4.525320024853418545e+03 9.314581525832347324e+03 1.960963112557754357e+04 2.520341173975484708e+04 2.115899140324351538e+04 1.913228205547329344e+04 2.976688339281812659e+04 4.578754641077299311e+04 4.970798545254963392e+04 4.047749860221584095e+04 3.776123213553819369e+04 5.324850648746856314e+04 7.190578905207788921e+04 7.197144573254373972e+04 5.759974883435067022e+04 5.705515338089449506e+04 7.766985830468503991e+04 9.538356922871056304e+04 8.523720099812893022e+04 6.366004061840668874e+04 6.291362396804284072e+04 8.123332213757756108e+04 8.807855587784378440e+04 7.054550411195836205e+04 5.029254254833652521e+04 5.221954903561701212e+04 6.633311480799372657e+04 6.618622929518950696e+04 4.623101556301751407e+04 3.445786674297443824e+04 2.304930580766652565e+04 1.256367934963532571e+04 4.621765058953908010e+03 7.058351308849511270e+02 1.637032571572674669e+03 6.989969487164077691e+03 1.473605002925253939e+04 2.148765896645626344e+04 2.365783720962908046e+04 1.944166372246495303e+04 1.065783204453181315e+04 2.714997630524184842e+03 1.294126720774095929e+03 7.210179048204103310e+03 1.377767031064833827e+04 1.259957368280808259e+04 4.690104001790650727e+03 1.391518483932730533e+03 7.041509448056861402e+03 9.443707254310043936e+03 3.221864686117468409e+03 2.618284922237598948e+03 7.053097864805311474e+03 2.996330117737538785e+03 3.038646675514998606e+03 4.773358266731003823e+03 1.813492966476314905e+03 4.050246521004292845e+03 1.849761219351141335e+03 3.167844714981034031e+03 2.056143300165886558e+03 2.185979112331482156e+03 2.243968560220595464e+03 1.837024481951852067e+03 1.747057854035271930e+03 1.679954945317196234e+03 1.554837959668297117e+03 1.434086043391724843e+03 1.323414344178770989e+03 1.201089245717364065e+03 1.104924936811687530e+03 1.101360726744671638e+03 9.729890007632438937e+02 9.201405405844668621e+02 8.433559635320483494e+02 7.929747729359236246e+02 7.214664630462721107e+02 6.655519991678731913e+02 6.096498931905739482e+02 5.480280808786782245e+02 5.171652224850399762e+02 4.765977063493478454e+02 4.451747593481016452e+02 4.135163414807300910e+02 3.879249065664358795e+02 3.592632499529658503e+02 3.342852480708293115e+02 3.097959763159457225e+02 2.885770819601029302e+02 2.692943913678410013e+02 2.513582836728780023e+02 2.346092604885721755e+02 2.157276520432961604e+02 2.011721692847623899e+02 1.901671996985169244e+02 1.720028499187578461e+02 1.614268159858851561e+02 1.665364223929337584e+02 1.438430424434031920e+02 1.497646822236646074e+02 1.201460144806593888e+02 1.137748128462890662e+02 1.064275011573955965e+02 9.841334099628272725e+01 9.129249594326861938e+01 8.536411306644275498e+01 7.770335211448301038e+01 7.713436865187689762e+01 6.795572695136976904e+01
4.237243432526981337e+02 1.926910832092001783e+03 5.110618817709207178e+03 7.149438083512245612e+03 6.031516113469822812e+03 4.806712360317653292e+03 9.899688870747124383e+03 2.081025708437577850e+04 2.661013299723755335e+04 2.214241378220754996e+04 1.983577571923061623e+04 3.089723283202380480e+04 4.743183888667362771e+04 5.103871930537749722e+04 4.090994321121742541e+04 3.765673841941371211e+04 5.328034672903310275e+04 7.173282979018424521e+04 7.068958376704875263e+04 5.509309187253417622e+04 5.379932098172385304e+04 7.361070317367752432e+04 9.000321033407712821e+04 7.828782435761115630e+04 5.600931351805810118e+04 5.464034207400885498e+04 7.136109145901723241e+04 7.645430323486673296e+04 5.838195161035370256e+04 3.873390970833638858e+04 4.020522877854553371e+04 5.210482645156840590e+04 5.065545724025644449e+04 3.280559591363432264e+04 2.153182970283378745e+04 1.174807539893161811e+04 4.329555798144178880e+03 6.630627219467310169e+02 1.517845216072824314e+03 6.507166501437604893e+03 1.373729511643645310e+04 2.004735994927085267e+04 2.208971827872750509e+04 1.817016297888859117e+04 9.973577119069455875e+03 2.537639350564430060e+03 1.190147494002761960e+03 6.648014002429886204e+03 1.273089519268173171e+04 1.166694181668804231e+04 4.360267426566185350e+03 1.298449872641205047e+03 6.590914587345600012e+03 8.871549868621877977e+03 3.039901480772838568e+03 2.443215870396165883e+03 6.604271809183541336e+03 2.819291390109397526e+03 2.833203799852799420e+03 4.477996866423289248e+03 1.695509346614899869e+03 3.791307342413404513e+03 1.720267540243718486e+03 2.946645912626389872e+03 1.907256129546053444e+03 2.035160051498595294e+03 2.084589016048704252e+03 1.706249099054224644e+03 1.626520973396737645e+03 1.568558645723800964e+03 1.451632736517079820e+03 1.338959025819832277e+03 1.235940534137258965e+03 1.121765649983485218e+03 1.029883300176791181e+03 1.026100788573581895e+03 9.080429331524734380e+02 8.570774204510729533e+02 7.864919333784384889e+02 7.411068404425529934e+02 6.809883323300980464e+02 6.291077037809120611e+02 5.765807532147962320e+02 5.179892330273039533e+02 4.857309679211013531e+02 4.436604971772706563e+02 4.143012675545726893e+02 3.846490932815789847e+02 3.610189172776989039e+02 3.344999476109055649e+02 3.111765355890065052e+02 2.882867631901646064e+02 2.685962623747321345e+02 2.507192865129894415e+02 2.340391677055561956e+02 2.183927295749955988e+02 2.007153033235604198e+02 1.874501831711257580e+02 1.767988192796490523e+02 1.600322769608209796e+02 1.516452029074187351e+02 1.553303778280190954e+02 1.250181521639713935e+02 1.400101762210857146e+02 1.130477878328035075e+02 1.055098225092690853e+02 9.909465928191852413e+01 9.168438681794282274e+01 8.501846801219322458e+01 7.934855637781186033e+01 7.318748729934341668e+01 7.019577124738566454e+01 6.209423713147282342e+01 6.270693390742766127e+01
4.551747060763551644e+02 2.068497797530786556e+03 5.479280444407106188e+03 7.648698959907825156e+03 6.426051712607532863e+03 5.091362640810601988e+03 1.049346632380332994e+04 2.202013395328486149e+04 2.799047705214797315e+04 2.305057002005803588e+04 2.042496955737988901e+04 3.186226516717720006e+04 4.880037307068851078e+04 5.196669377458193776e+04 4.087812242144505581e+04 3.703129555817990331e+04 5.262656768521606136e+04 7.060442312268854585e+04 6.828731160788946727e+04 5.151202843671520532e+04 4.944033393454251927e+04 6.814008834381417546e+04 8.287228879072354175e+04 6.969471815060873632e+04 4.715105350480821653e+04 4.529626028623107413e+04 6.016540222576940141e+04 6.346920492319924233e+04 4.547327232114880462e+04 2.720810652784162812e+04 2.841639925377616237e+04 3.800766459050320555e+04 3.558469147142116708e+04 2.054175741801972617e+04 1.097677110876536062e+04 4.054006776865762276e+03 6.224749590694907511e+02 1.404855726534798805e+03 6.045912813261740666e+03 1.279298225879594065e+04 1.868898735704089995e+04 2.061011180392630195e+04 1.697054221113844687e+04 9.330556747119891952e+03 2.381425261671578028e+03 1.094501572084133159e+03 6.123226778748548895e+03 1.175456685187148469e+04 1.079654387939046683e+04 4.050037084087586209e+03 1.197194233561318015e+03 6.152982360761272503e+03 8.329107783807115993e+03 2.866987503214451863e+03 2.277746232848358886e+03 6.190551008252667998e+03 2.652911686390419163e+03 2.638092583296926932e+03 4.198987302021490905e+03 1.582833104207481028e+03 3.549621783522375154e+03 1.606315946717810675e+03 2.743490375228969242e+03 1.767104456935626558e+03 1.893522248892553762e+03 1.935490961208900217e+03 1.583427803919311600e+03 1.510937116598784314e+03 1.458945133438102630e+03 1.354061370172596071e+03 1.249181394253784219e+03 1.153431709345092031e+03 1.047139001011602431e+03 9.602943132927587158e+02 9.555479098249257959e+02 8.468820920965132473e+02 7.976941574162292454e+02 7.329038157090807317e+02 6.902767556079376163e+02 6.359235034673411064e+02 5.933822933757961664e+02 5.448968685156851279e+02 4.892556308962390403e+02 4.587470673533865124e+02 4.164935782397636217e+02 3.853877087630236247e+02 3.575384196044521445e+02 3.356986408474390373e+02 3.111491767419212238e+02 2.894609464657124818e+02 2.680819134816184146e+02 2.498113962400743162e+02 2.332502608448326953e+02 2.177528582446787482e+02 2.031404749355800163e+02 1.866174892239694429e+02 1.745757328813309357e+02 1.642041878324508559e+02 1.488024113784273652e+02 1.425944613380111718e+02 1.449240896967484389e+02 1.079194631217134486e+02 1.302680290981406301e+02 1.064663495714362824e+02 9.776469811729981529e+01 9.213032987154352327e+01 8.532421600469042744e+01 7.913157244167356907e+01 7.368266756470607959e+01 6.909659750233819864e+01 6.370026789602798090e+01 5.591118842857316906e+01 5.755919982620101649e+01 5.158631948888446317e+01
4.889773106752437570e+02 2.220331743882256433e+03 5.872984673271188512e+03 8.177931369358168922e+03 6.837848750724968340e+03 5.381100465968140270e+03 1.110022705587475139e+04 2.324641148088635600e+04 2.934598162955919906e+04 2.387525768664926363e+04 2.088597698481618863e+04 3.264391216584733775e+04 4.986321153896112810e+04 5.244954224289578997e+04 4.034071374724828638e+04 3.585148775195753842e+04 5.124768727735303401e+04 6.847230846520444902e+04 6.474057661320491752e+04 4.689077232090668258e+04 4.406324389993861405e+04 6.137437550864733203e+04 7.415460075937963848e+04 5.974880324447428575e+04 3.750966478633432416e+04 3.538846468497444585e+04 4.822943106714427995e+04 4.982715043549568509e+04 3.268467914151709920e+04 1.667782308683732845e+04 1.785139040705926527e+04 2.512295831816714417e+04 2.216040272468324838e+04 1.054538475988098980e+04 3.798782362820959861e+03 5.855095534497157814e+02 1.298368041177131317e+03 5.613295063453938383e+03 1.190311338477830213e+04 1.742129954878926583e+04 1.923439544883964845e+04 1.585784316545418915e+04 8.735928223461411108e+03 2.239138489058878804e+03 1.012715352242282961e+03 5.651780857979088978e+03 1.085329097714084855e+04 9.995597688891237340e+03 3.766284848521110689e+03 1.099419837017214832e+03 5.677709355539785065e+03 7.801836273847909069e+03 2.708417086650441433e+03 2.121165239778867999e+03 5.805623136844754299e+03 2.504356318833966725e+03 2.454397160046563840e+03 3.940005059990748123e+03 1.477555274366374306e+03 3.324423979457512360e+03 1.502003979088962524e+03 2.569740486471470376e+03 1.638181975103169179e+03 1.763092921118626236e+03 1.797168491524599403e+03 1.469549376573146901e+03 1.404116951346529049e+03 1.355612541932400291e+03 1.259504117569980735e+03 1.165540065214934202e+03 1.076758713356867247e+03 9.778355339844623586e+02 8.956069348144501419e+02 8.908304501663154724e+02 7.906154972182823713e+02 7.424488242847808124e+02 6.832211631227895623e+02 6.430795212589339371e+02 5.923732440653354843e+02 5.543289362906900806e+02 5.144775297324732719e+02 4.622520636636189693e+02 4.333542745776334186e+02 3.936198747731724552e+02 3.619104890865501147e+02 3.324552395448417883e+02 3.122264425090299369e+02 2.894977714225860836e+02 2.692575468010289796e+02 2.493373730357330373e+02 2.324048330748983915e+02 2.170680425900061437e+02 2.026542471656318867e+02 1.889757508250236810e+02 1.735570409501778784e+02 1.626772288782365194e+02 1.524529029510584053e+02 1.384696022243215339e+02 1.343341341216047340e+02 1.345830178401994317e+02 9.143520445514727157e+01 1.203496131110146763e+02 1.005747084502343967e+02 9.058080537536390864e+01 8.564258700934384194e+01 7.941968499862915110e+01 7.368668545844094808e+01 6.842682566405906641e+01 6.530150630014972535e+01 5.754501197230558773e+01 5.057204362989851631e+01 5.235991433455855315e+01 4.818388187078183194e+01 4.462870731553783088e+01
5.253843126702075779e+02 2.383442912538843757e+03 6.293919129870912911e+03 8.738935301227214950e+03 7.266508357944410818e+03 5.673676307752109096e+03 1.171604650591840982e+04 2.447853134345809303e+04 3.065422666319784548e+04 2.458717974346304982e+04 2.118600302044159980e+04 3.319558669105876470e+04 5.054696905383717240e+04 5.240037827951971849e+04 3.922672555645192915e+04 3.406459399541521270e+04 4.907632755752037338e+04 6.525377441070867644e+04 6.001116340687549382e+04 4.128407929352477368e+04 3.779183505684273405e+04 5.347047834483712359e+04 6.406713854573998833e+04 4.883257055896855309e+04 2.762649155520580098e+04 2.553795416833668787e+04 3.624294207549737621e+04 3.634131110934390017e+04 2.097699375771400810e+04 8.150271493756090422e+03 9.500367577468554373e+03 1.447926279511917710e+04 1.146229670983060350e+04 3.728752634962883349e+03 5.511591437795204911e+02 1.198920909398093954e+03 5.209816847383364802e+03 1.107319635562225631e+04 1.623293562620785633e+04 1.795502490828722875e+04 1.482600432624934183e+04 8.186950649591196452e+03 2.108425336760424671e+03 9.359757997518287311e+02 5.249082006003906827e+03 1.005740963265065875e+04 9.259440454112867883e+03 3.506227917124972009e+03 1.009264164309353191e+03 5.225645480948043769e+03 7.233035933743555688e+03 2.551142269598307848e+03 1.973752539679262100e+03 5.445854279700120969e+03 2.367805330714774755e+03 2.285872478625703025e+03 3.700875983526965229e+03 1.379569918312179198e+03 3.114538651963758639e+03 1.404974941752849873e+03 2.409650267061084833e+03 1.527098812567683581e+03 1.645763632276887165e+03 1.669074737263828411e+03 1.364261802654813437e+03 1.305422612117348763e+03 1.260141567020463071e+03 1.170351796351987559e+03 1.084657664646103285e+03 1.005463237190062500e+03 9.135394560441138765e+02 8.355296152900812103e+02 8.307406525505568879e+02 7.393577633796714963e+02 6.914299814511039131e+02 6.372251593162341123e+02 5.993207349888177760e+02 5.520119556427267753e+02 5.166413568676673549e+02 4.812165953605791628e+02 4.363791890220362006e+02 4.095037820123287702e+02 3.721666159640774367e+02 3.421418597413278917e+02 3.120911731247805392e+02 2.905423886858837363e+02 2.694626778312776310e+02 2.505361919322864139e+02 2.319316536384559981e+02 2.162963279932693297e+02 2.020973762828882627e+02 1.886680262807114730e+02 1.758318997416756986e+02 1.614917592834697757e+02 1.516801474795485376e+02 1.415105497009617750e+02 1.290151549802674538e+02 1.266165051721093704e+02 1.240653281939372619e+02 7.667476838464361322e+01 1.100429305787023111e+02 9.512256397092019711e+01 8.399158608903488243e+01 7.960730283616318559e+01 7.394327828081566167e+01 6.865557208368200293e+01 6.359757974806465342e+01 6.147403288172561986e+01 5.215268471785913107e+01 4.678468025732622948e+01 4.721530242273445310e+01 4.495468727043155610e+01 4.145878725665043163e+01 3.948968544107013656e+01
5.646437198632650052e+02 2.558812991697265716e+03 6.744007120173022486e+03 9.332841169108589384e+03 7.710646022754001024e+03 5.965692946451522403e+03 1.233483618383367866e+04 2.570100079529881987e+04 3.188536945950282461e+04 2.515029426527643955e+04 2.128713316308243520e+04 3.346373700285744417e+04 5.076837507593067858e+04 5.172671707439023885e+04 3.747139932690533897e+04 3.163555920934310416e+04 4.606768038690301182e+04 6.090025124752482225e+04 5.412154946775491408e+04 3.483439161676495860e+04 3.085493587233615108e+04 4.470804192462222272e+04 5.297801868565553741e+04 3.750295461675646220e+04 1.820688519848246142e+04 1.650694703617737468e+04 2.502965548411714917e+04 2.394840028704761789e+04 1.136737983859052656e+04 2.575982513352170827e+03 4.219453728389458774e+03 6.917894914095687454e+03 4.300169036498967216e+03 6.137900379541711118e+02 1.107010719695904527e+03 4.835242328847869430e+03 1.030256230200285245e+04 1.512744423042346352e+04 1.675865870634791645e+04 1.386750304016190603e+04 7.677363564442644929e+03 1.988293661439565085e+03 8.648341442072593281e+02 4.874701052694285863e+03 9.377892543751837366e+03 8.617797261319637983e+03 3.267360206589910376e+03 9.269074885723155148e+02 4.809937596455267339e+03 6.700148153359858952e+03 2.382273205263164073e+03 1.834162132911608296e+03 5.109679404721280662e+03 2.241179925314245338e+03 2.129648658019971663e+03 3.484389394126088973e+03 1.288957794614028444e+03 2.918899009359405682e+03 1.315035426085918061e+03 2.260628762972517507e+03 1.425711211654557928e+03 1.545514041388150645e+03 1.552227343444511689e+03 1.266969078554177486e+03 1.214335348152123288e+03 1.171916530993159085e+03 1.087944708446257437e+03 1.008351063532710782e+03 9.365282647457379426e+02 8.537601776656099446e+02 7.797827590885704012e+02 7.749228169478692507e+02 6.919018557008324706e+02 6.447835450534209940e+02 5.948899576027422427e+02 5.587634931793102169e+02 5.146226747699704447e+02 4.817243367680435995e+02 4.491135094866247641e+02 4.080855906449691020e+02 3.866055902711563590e+02 3.520446875449259778e+02 3.235889285010924823e+02 2.949466399835600896e+02 2.729482793857486627e+02 2.509659114976023773e+02 2.332060133863735700e+02 2.158251400859342652e+02 2.013514054549361276e+02 1.882379691081416411e+02 1.757058006371695740e+02 1.636363162933288891e+02 1.503625468613868748e+02 1.414936386437144051e+02 1.313503069123043758e+02 1.203821281039555799e+02 1.191855788192289083e+02 1.134081732037667081e+02 6.486830715375185719e+01 9.946656583258223350e+01 8.980070778950471322e+01 7.801857714909114350e+01 7.400064170957736565e+01 6.886236752804578032e+01 6.399991139914038740e+01 5.920048674636018404e+01 5.736962930348654766e+01 4.797934928881990402e+01 4.483490367557585188e+01 4.263678374335824373e+01 4.184833932343066465e+01 3.857665021271139949e+01 3.556104206593515471e+01 3.164052248208120233e+01
6.064638208286687586e+02 2.744945756471300228e+03 7.218496671583246098e+03 9.951229576618483406e+03 8.160569039732627971e+03 6.247000386386926948e+03 1.293677933640247466e+04 2.686940252064547531e+04 3.297306587621610379e+04 2.550024115626658750e+04 2.112980391840664015e+04 3.336168480075160915e+04 5.039538215648461482e+04 5.029559316015381773e+04 3.499846028059482342e+04 2.853776697143835554e+04 4.218203838058550900e+04 5.537493625793475803e+04 4.714498603742783598e+04 2.777657868513673384e+04 2.358936619777238957e+04 3.548013819622877054e+04 4.139150815351443453e+04 2.646919690017338871e+04 1.007694243097204526e+04 9.128076854627699504e+03 1.545276302018709248e+04 1.359021709858922441e+04 4.765428564401373478e+03 6.370283476959224345e+02 2.499297160885356334e+03 2.856165526035324547e+03 9.623425354840240971e+02 1.084187042499365816e+03 4.483885894736048613e+03 9.578287284928415829e+03 1.408916080413457894e+04 1.563331146959834768e+04 1.296252367722599956e+04 7.199898479016459532e+03 1.875330723134201207e+03 7.975689043658406945e+02 4.522153038471134096e+03 8.740308631979580241e+03 8.063108026649732892e+03 3.062099378871823319e+03 8.500680070392388643e+02 4.423420167520229370e+03 6.205199375493498337e+03 2.224927410368957680e+03 1.682988949798430895e+03 4.781333118172599825e+03 2.122560720289693563e+03 1.981259102071619736e+03 3.281511077132414357e+03 1.205142387689858879e+03 2.735643636196163243e+03 1.230056566931662246e+03 2.120504230193438616e+03 1.329785275817978345e+03 1.452162817163186219e+03 1.451239029201708490e+03 1.177164184748068010e+03 1.129211935680826628e+03 1.089483268498633151e+03 1.010945159755847499e+03 9.370187232348905582e+02 8.707392226168618663e+02 7.953470339399571003e+02 7.274121660068238953e+02 7.224066133213252670e+02 6.473933799828666906e+02 6.010056312372202001e+02 5.557853860978442526e+02 5.209452638114212277e+02 4.795526266365752122e+02 4.489476294925295292e+02 4.189955540155827975e+02 3.805261096279849653e+02 3.612500845365331088e+02 3.324822922068930211e+02 3.059496726697594795e+02 2.786506210341331098e+02 2.579321097272182328e+02 2.358056245827498003e+02 2.170291325419151178e+02 2.007780128544826823e+02 1.873739676326223673e+02 1.752299416678453952e+02 1.635522190479152016e+02 1.521864579081845079e+02 1.399862024883359766e+02 1.319525951202851388e+02 1.218260098909564420e+02 1.124230138787784199e+02 1.118659755442240282e+02 1.025683481281928806e+02 5.703798013799287503e+01 8.858244554386398306e+01 8.439597415791899948e+01 7.262793437147738018e+01 6.875094437053003560e+01 6.408028833224804544e+01 5.961761084256907850e+01 5.517026390655267676e+01 5.283350792256037209e+01 4.519982623531753063e+01 4.428758567692680259e+01 3.910466506436763723e+01 3.882175997571469850e+01 3.591857439188400036e+01 3.199769398942014931e+01 3.141614097823065777e+01 2.834385749653709397e+01
6.513501846046150376e+02 2.943919043563220839e+03 7.721881948672470571e+03 1.059811037324228346e+04 8.616385997194793163e+03 6.514712286631254756e+03 1.351736437861639206e+04 2.797092669578993082e+04 3.389003439021811937e+04 2.560507445894671400e+04 2.068574617096988004e+04 3.285265657876278419e+04 4.937367220027219446e+04 4.806640516831803689e+04 3.182236830032083526e+04 2.484284612740438388e+04 3.751114474775372946e+04 4.881869333785722847e+04 3.935557336245801707e+04 2.053254851212951326e+04 1.651127008827630925e+04 2.638644524772627483e+04 3.004971153519602376e+04 1.662223340880887918e+04 4.120157798917708533e+03 4.203360759199284985e+03 8.311489397409004596e+03 6.077893101641810972e+03 1.758265199388984456e+03 2.481210952584502593e+03 4.211957022274882547e+03 2.064728990090444768e+03 1.002433900235829242e+03 4.215663956087870247e+03 8.903393872747443311e+03 1.312170117537876649e+04 1.458698673366994990e+04 1.212133824586197807e+04 6.756618929164533256e+03 1.772913345661210315e+03 7.340497499424451462e+02 4.191004779159500686e+03 8.145590864440787300e+03 7.550276763558847961e+03 2.887846101642210670e+03 7.808561132460226872e+02 4.064960074179599360e+03 5.749032121846687005e+03 2.081408038805149772e+03 1.536819720061006592e+03 4.425167586886247591e+03 2.005113875753476123e+03 1.840665647095350550e+03 3.092664375314332574e+03 1.127242644915540268e+03 2.568975881651475447e+03 1.151289493017984341e+03 1.989941055022236469e+03 1.239911742857952731e+03 1.365651177518476743e+03 1.358003415899760057e+03 1.099851550109190384e+03 1.051952771238725290e+03 1.013182809968792526e+03 9.396004718068463717e+02 8.709487341360429582e+02 8.098331701147900503e+02 7.401923237614639675e+02 6.766497430472415999e+02 6.733049007440979494e+02 6.061439767358986046e+02 5.601878507915378123e+02 5.195240143613420969e+02 4.863050209881924388e+02 4.471638483667030641e+02 4.184952574060965844e+02 3.910307208365982774e+02 3.549888239627580901e+02 3.366989539444267621e+02 3.110319419875266931e+02 2.889763051074540954e+02 2.633269104462739847e+02 2.437777136837834746e+02 2.230229361377695056e+02 2.038795391471242056e+02 1.868787629518798781e+02 1.744360272061502997e+02 1.631651066576471010e+02 1.522155238081065249e+02 1.415156402798991166e+02 1.304172427256391984e+02 1.230751922277799650e+02 1.129798144520975285e+02 1.051944240042368648e+02 1.044722003280009659e+02 9.144197349001724717e+01 5.361322313822838481e+01 7.769702981691754928e+01 7.864566945356743588e+01 6.783788312611827109e+01 6.390671830453536728e+01 5.964848517507967074e+01 5.553743044110662908e+01 5.152331475446642628e+01 4.805058767257789043e+01 4.361375075514746413e+01 4.413725265669202003e+01 3.707111831312134598e+01 3.591640829845231053e+01 3.350586009094441664e+01 3.029558720930668869e+01 3.146493513701224742e+01 2.672195444026181832e+01 2.529953610140869813e+01
1.895703813279996837e+02 8.559456663102131415e+02 2.241072916377214824e+03 3.066204144984642426e+03 2.477652498997597377e+03 1.856827087819775215e+03 3.858317643229917849e+03 7.962615105448656323e+03 9.559920096495712642e+03 7.101530315184786559e+03 5.631327974573328902e+03 8.985933791221368665e+03 1.345445468420276302e+04 1.285904988730606237e+04 8.194649932142787293e+03 6.183723084250247666e+03 9.510660488814250130e+03 1.229412384927148378e+04 9.490258077212438366e+03 4.454217877873232283e+03 3.424474734305063066e+03 5.812899948909417617e+03 6.462339275943056236e+03 3.131256833996043952e+03 4.660603049899294774e+02 6.911596193649653515e+02 1.430567628096927592e+03 7.922029307807144960e+02 4.502615122255547249e+02 1.473323460926263579e+03 1.849333393314580917e+03 7.760998002915539473e+02 6.161432608536440512e+02 1.911951420206728926e+03 3.162611590283996520e+03 3.893340531713243308e+03 3.617654723382688189e+03 2.366869049980850832e+03 8.398934812617678745e+02 8.446621269266503873e+01 6.628048941737290534e+02 1.906720633667955099e+03 2.307051069102079964e+03 1.246146097167795006e+03 1.548242148759436532e+02 6.563113982203888099e+02 1.627484474040202258e+03 9.615585347204971640e+02 1.539521544436528586e+02 1.042955858524749146e+03 9.096801998956752868e+02 2.047607745969206121e+02 9.803403511214307855e+02 3.096051017416194213e+02 6.523021634640469983e+02 3.605431215608245452e+02 5.561012687049424130e+02 2.559718413651417848e+02 4.968273506674375994e+02 3.069704492078516864e+02 2.672252701084757405e+02 3.167023378176573942e+02 2.865451057607272105e+02 2.484105523717402377e+02 2.267726049788915645e+02 2.051927970936727093e+02 1.753836258276217563e+02 1.630886157957933733e+02 1.982451830227346932e+02 1.716673481890823041e+02 1.443874655613670939e+02 1.440915642063086466e+02 1.343598091942930637e+02 1.218713363472259346e+02 1.156604688098714888e+02 1.037325612493221172e+02 9.269067680640054618e+01 9.402700034147497377e+01 8.466372922851333271e+01 8.012638069666571994e+01 7.408122697553143610e+01 6.765958814606587168e+01 6.137391333284641348e+01 5.629584010748830281e+01 5.124113883381361489e+01 4.769220724961213875e+01 4.469684766648710195e+01 4.152403160042362629e+01 3.830397119667845374e+01 3.518501194885472216e+01 3.331387463699618223e+01 3.098079987000985014e+01 2.891977746744555589e+01 2.692081231984177947e+01 2.275451053370812105e+01 2.130445166378895649e+01 2.153483263694941385e+01 1.996512511913992682e+01 1.883870849152287619e+01 1.748821053181135454e+01 1.612414929412815212e+01 1.503383174699735569e+01 1.405438521727941392e+01 1.294898008261315248e+01 1.256405967413221703e+01 1.143058791500290639e+01 1.045805611789131717e+01 9.830120241914819701e+00 9.184226540411620121e+00 8.529717470582479422e+00 8.492247012572134324e+00 7.405769480846673858e+00 6.915951519738753106e+00 6.708446590996935299e+00
